State Estimate X,State Estimate Y,State Estimate Z
-0.0021007589530199766,-0.006019547116011381,0.013718701899051666
-0.0012669890420511365,-0.00485873781144619,0.015698419883847237
-0.0018037935951724648,-0.0053905160166323185,0.014564760029315948
-0.0018124610651284456,-0.005362422671169043,0.014511268585920334
-0.002054056851193309,-0.006040077656507492,0.01340111531317234
-0.0020736188162118196,-0.006059309933334589,0.013281969353556633
-0.0026623280718922615,-0.00742732360959053,0.01614956744015217
-0.002602543216198683,-0.007456000428646803,0.016190318390727043
-0.0026892356108874083,-0.00819328986108303,0.015249930322170258
-0.0024365074932575226,-0.008073973469436169,0.015109962783753872
-0.002597309183329344,-0.008449040353298187,0.01825682632625103
-0.0015342056285589933,-0.00898708775639534,0.018382536247372627
-0.0014002701500430703,-0.009104520082473755,0.01849771849811077
-0.0007114288164302707,-0.009049326181411743,0.01853897236287594
-0.0011950046755373478,-0.010061566717922688,0.0170383732765913
0.00011060142423957586,-0.006653022486716509,0.016988087445497513
-0.0007764537585899234,-0.007434401195496321,0.015764398500323296
1.97857734747231e-05,-0.005129691679030657,0.013337596319615841
0.0002784098032861948,-0.005203898996114731,0.01318474393337965
0.00017160037532448769,-0.005357934162020683,0.017091762274503708
-0.0005831501330249012,-0.00619725976139307,0.015775684267282486
0.0006601311615668237,-0.004172643180936575,0.013596915639936924
2.743459481280297e-05,-0.004222231917083263,0.012090438045561314
0.0007992378668859601,-0.003578625153750181,0.014261453412473202
0.0007906678947620094,-0.003554106689989567,0.014195560477674007
0.0015593762509524822,-0.0026002461090683937,0.01256344560533762
0.0017684793565422297,-0.002427678555250168,0.012495070695877075
0.0025110042188316584,-0.0018514582188799977,0.011006807908415794
0.0017786291427910328,-0.0029797630850225687,0.013649977743625641
0.002775893546640873,-0.0024060863070189953,0.012487364001572132
0.0030764034017920494,-0.0021219314076006413,0.012524453923106194
0.003249686909839511,-0.0021084907930344343,0.012605049647390842
0.004402280319482088,-0.001964940456673503,0.015948062762618065
0.005267688073217869,-0.0016048046527430415,0.014810106717050076
0.0032746728975325823,-0.0014574574306607246,0.012490099295973778
0.0038888459093868732,-0.0012042182497680187,0.01129857823252678
0.0042213150300085545,-0.0011570951901376247,0.011250999756157398
0.005048360675573349,-0.001357477274723351,0.015375037677586079
0.0030258200131356716,-0.0021710284054279327,0.013492248021066189
0.003135364269837737,-0.0019501752685755491,0.012312296777963638
0.001360879628919065,-0.0025792974047362804,0.01093342900276184
0.001659695990383625,-0.0027614403516054153,0.011896862648427486
0.001130501157604158,-0.0033593440894037485,0.01190494280308485
0.0009988825768232346,-0.0037513684947043657,0.011972533538937569
-0.0003409016935620457,-0.0040350682102143764,0.01113095972687006
-0.0012868153862655163,-0.004172473680227995,0.01203987654298544
-0.0019158407812938094,-0.003905024379491806,0.012196660041809082
-0.002469062339514494,-0.0029811616986989975,0.011015486903488636
-0.0030976454727351665,-0.0029253922402858734,0.010851284489035606
-0.0037624139804393053,-0.002866155933588743,0.011112134903669357
-0.00427247304469347,-0.0031675740610808134,0.009305361658334732
-0.004681602120399475,-0.0025941208004951477,0.008743573911488056
-0.004809859674423933,-0.002821759320795536,0.00934250932186842
-0.005575105082243681,-0.0028393613174557686,0.009646395221352577
-0.005327087827026844,-0.0028584462124854326,0.00949654821306467
-0.006118569988757372,-0.0030989956576377153,0.009928596206009388
-0.005700293462723494,-0.002958994824439287,0.011089349165558815
-0.006576454732567072,-0.0024207979440689087,0.011530326679348946
-0.005980140529572964,-0.0021231351420283318,0.012986849062144756
-0.006848393473774195,-0.0022909855470061302,0.014460467733442783
-0.007298643700778484,-0.0040846411138772964,0.01660570129752159
-0.007933630608022213,-0.002640928840264678,0.016840731725096703
-0.00855061411857605,-0.002291996031999588,0.018004456534981728
-0.009901106357574463,-0.002397907664999366,0.019792232662439346
-0.008039151318371296,-0.0019497679313644767,0.022307518869638443
-0.008984388783574104,-0.0010848885867744684,0.023289643228054047
-0.00951977539807558,-0.0011129752965644002,0.024952678009867668
-0.010497873649001122,-0.0006499285809695721,0.02692137472331524
-0.010860187001526356,-0.00036405440187081695,0.02873946912586689
-0.01169789768755436,-0.0002644164487719536,0.030545875430107117
-0.010001365095376968,-0.0009637192124500871,0.032917145639657974
-0.009921157732605934,-0.0006178791518323123,0.03494779020547867
-0.00970530603080988,-0.0006139676552265882,0.03910183161497116
-0.009549778886139393,-0.0005665509961545467,0.041440632194280624
-0.008643687702715397,-0.0005118951085023582,0.043891701847314835
-0.008138994686305523,-0.00035850840504281223,0.04640341177582741
-0.00851976964622736,-0.0004691263020504266,0.05361781641840935
-0.00847505684942007,-0.0010276517132297158,0.05656910687685013
-0.007957946509122849,-0.001398623688146472,0.05958776921033859
-0.008165075443685055,-0.0014673423720523715,0.06269393861293793
-0.009372023865580559,0.0006666341214440763,0.06589433550834656
-0.010780631564557552,0.0005153992678970098,0.07281401753425598
-0.001732746954075992,0.0006013395613990724,0.07770850509405136
-0.0013328908244147897,0.0006855014362372458,0.08126044273376465
0.0016073854640126228,-0.00023995345691218972,0.08584138751029968
0.0027584342751652002,0.00045162654714658856,0.0895986258983612
0.003514837473630905,0.0003989464312326163,0.09329064190387726
0.003926553297787905,0.0005362968076951802,0.09710070490837097
0.007054443005472422,0.0005062095588073134,0.10102324932813644
0.0076960246078670025,0.0005033547640778124,0.10524407774209976
0.009162849746644497,0.0008300535846501589,0.10880564153194427
0.009687969461083412,0.0006552180275321007,0.11276694387197495
0.011243602260947227,0.000761310220696032,0.11636677384376526
0.012022951617836952,0.000337987148668617,0.12029125541448593
0.013354979455471039,0.00039691495476290584,0.12425467371940613
0.014976483769714832,0.0020264973863959312,0.12653665244579315
0.016475860029459,0.002079563681036234,0.13023436069488525
0.01813076063990593,0.0027140702586621046,0.13277772068977356
0.019227787852287292,0.0026228369679301977,0.13623414933681488
0.020724106580018997,0.0030272610019892454,0.13915874063968658
0.021494895219802856,0.0030025700107216835,0.14282549917697906
0.023372327908873558,0.0031698138918727636,0.14583125710487366
0.024078626185655594,0.0031466162763535976,0.1494762897491455
0.025078343227505684,0.002940212842077017,0.15175381302833557
0.025957616046071053,0.0029044451657682657,0.1554287225008011
0.02739844284951687,0.0027373910415917635,0.15921171009540558
0.027928123250603676,0.0026206208858639,0.1629752218723297
0.028810959309339523,0.0023623385932296515,0.16575857996940613
0.02916153147816658,0.0023525727447122335,0.1695684939622879
0.029357578605413437,0.0021149020176380873,0.17341922223567963
0.02945345640182495,0.0019216671353206038,0.17732909321784973
0.02883097156882286,0.0018356430809944868,0.17892801761627197
0.029014725238084793,0.0017997397808358073,0.18289947509765625
0.029460204765200615,0.001737299025990069,0.18696525692939758
0.029336169362068176,0.001612798310816288,0.19108687341213226
0.029555998742580414,0.0015219695633277297,0.19530217349529266
0.028016649186611176,0.0043307142332196236,0.19818247854709625
0.028099335730075836,0.004377173725515604,0.20244546234607697
0.028128931298851967,0.004423822741955519,0.2067652940750122
0.03508632257580757,0.004396905656903982,0.212429478764534
0.035201553255319595,0.004169391933828592,0.21784524619579315
0.03630366921424866,0.004514983389526606,0.22276459634304047
0.03644827753305435,0.0044047157280147076,0.2274673581123352
0.03679382801055908,0.0037660445086658,0.23272697627544403
0.036807794123888016,0.0035113077610731125,0.23759658634662628
0.037680283188819885,0.005748668219894171,0.23966091871261597
0.03764799237251282,0.0055689020082354546,0.24446052312850952
0.03758039325475693,0.005452618934214115,0.24926431477069855
0.03746454417705536,0.005448118317872286,0.254063218832016
0.03780713677406311,0.0070047518238425255,0.2559407651424408
0.03766179457306862,0.006927819922566414,0.26062268018722534
0.037387918680906296,0.006890587508678436,0.26530206203460693
0.03754895552992821,0.007718775421380997,0.26982250809669495
0.03689234331250191,0.0064478772692382336,0.27577275037765503
0.03624402731657028,0.0030432867351919413,0.28083375096321106
0.03446756303310394,0.000988679239526391,0.2874520719051361
0.03394712507724762,0.0007769799558445811,0.2922464907169342
0.032440949231386185,0.000382232537958771,0.29848235845565796
0.031622011214494705,0.00015305462875403464,0.301205575466156
0.02991572767496109,-0.0001365389907732606,0.3070049583911896
0.029313305392861366,-0.0004802720504812896,0.3117622435092926
0.028724797070026398,-0.0006939588347449899,0.31649574637413025
0.028158584609627724,-0.0009535892168059945,0.3206869065761566
0.026056760922074318,-0.0010703493608161807,0.32632726430892944
0.02539696916937828,-0.0013796899002045393,0.33096185326576233
0.02345438301563263,-0.0013108102139085531,0.33652278780937195
0.02311917394399643,-0.001672784797847271,0.34124070405960083
0.02025359869003296,-0.001910373568534851,0.34165167808532715
0.01993880793452263,-0.0028593307361006737,0.34594103693962097
0.019091110676527023,-0.003153488039970398,0.35005617141723633
0.018192080780863762,-0.0035851290449500084,0.35408899188041687
0.026745934039354324,-0.001760719926096499,0.360696941614151
0.026200734078884125,-0.0020210512448102236,0.3646913170814514
0.02690962702035904,-0.00035797531018033624,0.3712502419948578
0.025085296481847763,-0.001442833337932825,0.3781057596206665
0.025585370138287544,-0.0001058173002093099,0.3805890381336212
0.024055790156126022,-0.001219690777361393,0.3866598308086395
0.024035168811678886,-0.0007179436506703496,0.39218416810035706
0.02273929864168167,-0.001571928383782506,0.39797723293304443
0.022608546540141106,-0.0013249714393168688,0.4036909341812134
0.022984597831964493,-0.0002740969357546419,0.39780136942863464
0.02242337539792061,-0.0004809547681361437,0.4017854630947113
0.021890774369239807,-0.0004008651012554765,0.4056084156036377
0.021402936428785324,-0.000746619887650013,0.4090323746204376
0.01967722177505493,-0.0014315452426671982,0.4101622700691223
0.02052638866007328,-0.00034851906821131706,0.4150539040565491
0.020045863464474678,-0.0003711263125296682,0.4181014597415924
0.01957796700298786,-0.00042589049553498626,0.42103275656700134
0.019344093278050423,0.0002470552281010896,0.4181106686592102
0.019820421934127808,0.0016572271706536412,0.4225347936153412
0.018142210319638252,-0.0008723033242858946,0.42785707116127014
0.01768624037504196,-0.0010273450752720237,0.43033987283706665
0.017251791432499886,-0.0011126133613288403,0.4327324330806732
0.018040655180811882,0.0010852544801309705,0.430441290140152
0.016351474449038506,-0.0015312557807192206,0.4352801442146301
0.015896447002887726,-0.0016752347582951188,0.4373437762260437
0.015455682761967182,-0.001820189761929214,0.4393369257450104
0.016310805454850197,5.28162854607217e-05,0.437931090593338
0.015939582139253616,1.0295852007402573e-05,0.439594030380249
0.01606517657637596,0.0010669694747775793,0.4431496560573578
0.01573186181485653,0.0010684526059776545,0.4448484182357788
0.015751663595438004,0.0020603605080395937,0.44817566871643066
0.016147080808877945,0.003926611039787531,0.44480347633361816
0.015887251123785973,0.004054287914186716,0.4461815357208252
0.01562472339719534,0.004099799320101738,0.44754669070243835
0.015361890196800232,0.00424286350607872,0.4488793611526489
0.01255075540393591,-0.002831755904480815,0.4507763087749481
0.01314573921263218,-0.0016739232232794166,0.454339861869812
0.01132763922214508,-0.005187156144529581,0.45915427803993225
0.011622394435107708,-0.0048028877936303616,0.4626196324825287
0.010227469727396965,-0.006577530410140753,0.46172696352005005
0.009080782532691956,-0.008534509688615799,0.4688187837600708
0.009080782532691956,-0.008534509688615799,0.4688187837600708
0.009226889349520206,-0.008454868569970131,0.47235408425331116
0.007935687899589539,-0.010359658859670162,0.47604337334632874
0.00828593224287033,-0.009444648399949074,0.47304049134254456
0.0068701584823429585,-0.011673667468130589,0.47650495171546936
0.006431113928556442,-0.012091211043298244,0.4781762957572937
0.005970885045826435,-0.012697877362370491,0.47983404994010925
0.005504911299794912,-0.013036582618951797,0.4748242497444153
0.005058859940618277,-0.013649269938468933,0.47593826055526733
0.005835588555783033,-0.012896502390503883,0.47959116101264954
0.00546914292499423,-0.013423052616417408,0.48079806566238403
0.006185716483741999,-0.011195442639291286,0.47748690843582153
0.00584812555462122,-0.011548841372132301,0.47829917073249817
0.005932781845331192,-0.010428238660097122,0.4810364842414856
0.0038743328768759966,-0.015542150475084782,0.4860660135746002
0.004522314760833979,-0.013631691224873066,0.4825843274593353
0.002740891883149743,-0.017090026289224625,0.48624512553215027
0.0029076524078845978,-0.016802292317152023,0.48882055282592773
0.0014332432765513659,-0.019260520115494728,0.4921906292438507
0.0015221971552819014,-0.019269295036792755,0.49474385380744934
0.00035302809556014836,-0.020541639998555183,0.4922187328338623
0.0005473306518979371,-0.020375847816467285,0.49462345242500305
0.00016252031491603702,-0.020928572863340378,0.4956478476524353
5.981506546959281e-06,-0.02073124796152115,0.49805817008018494
-0.0010805883212015033,-0.022045576944947243,0.4945127069950104
-0.001483432948589325,-0.022565297782421112,0.49520251154899597
-0.0018734978511929512,-0.023046668618917465,0.4958643317222595
-0.0017880065133795142,-0.022549694404006004,0.49844714999198914
-0.0016669322503730655,-0.021666547283530235,0.49229171872138977
-0.0015235237078741193,-0.020567312836647034,0.4944950342178345
-0.0033624116331338882,-0.02408491261303425,0.49810728430747986
-0.0037200660444796085,-0.02443699538707733,0.4986461102962494
-0.004069460090249777,-0.024766748771071434,0.49916666746139526
-0.004220460541546345,-0.024296732619404793,0.4938531219959259
-0.0064995065331459045,-0.026753537356853485,0.49723896384239197
-0.0057081375271081924,-0.025874625891447067,0.5003172755241394
-0.007223254535347223,-0.02761191688477993,0.5034969449043274
-0.007759253494441509,-0.02740589529275894,0.4981209635734558
-0.008180730044841766,-0.027656573802232742,0.4984050393104553
-0.008592705242335796,-0.02789771743118763,0.4986862242221832
-0.010689851827919483,-0.02903425134718418,0.5019921064376831
-0.009261369705200195,-0.027583060786128044,0.50001460313797
-0.009652603417634964,-0.02769126370549202,0.5003387928009033
-0.009997332468628883,-0.02780015580356121,0.5006794333457947
-0.010403473861515522,-0.027851847931742668,0.5010280609130859
-0.009706055745482445,-0.02603432908654213,0.5047839283943176
-0.009553592652082443,-0.024955594912171364,0.5003265142440796
-0.00975865963846445,-0.024784794077277184,0.5006392598152161
-0.009985780343413353,-0.024549536406993866,0.5009599924087524
-0.010178407654166222,-0.02429577149450779,0.5012931823730469
-0.013076601549983025,-0.026526696979999542,0.5020659565925598
-0.012015808373689651,-0.02430623024702072,0.5057050585746765
-0.012238873168826103,-0.023981206119060516,0.5063255429267883
-0.012444901280105114,-0.02362821251153946,0.5069751739501953
-0.012391864322125912,-0.022598251700401306,0.5030999779701233
-0.011998718604445457,-0.019419889897108078,0.5063962936401367
-0.012129269540309906,-0.01883142627775669,0.5069823265075684
-0.012231848202645779,-0.018186349421739578,0.5075644850730896
-0.011940008029341698,-0.01662016659975052,0.5040009021759033
-0.011870414949953556,-0.012554888613522053,0.5068530440330505
-0.014524217694997787,-0.019571609795093536,0.5127469897270203
-0.014672573655843735,-0.019092639908194542,0.5135520100593567
-0.01485286932438612,-0.018569886684417725,0.5143598914146423
-0.014760339632630348,-0.01727820187807083,0.5102161169052124
-0.01738511398434639,-0.0201087798923254,0.5148118138313293
-0.01762569136917591,-0.019691800698637962,0.5155563354492188
-0.019827919080853462,-0.02065371349453926,0.5196595191955566
-0.021099139004945755,-0.020096952095627785,0.514242947101593
-0.021481292322278023,-0.019757743924856186,0.5147252082824707
-0.01866959221661091,-0.017489533871412277,0.5193721055984497
-0.02041519805788994,-0.018614280968904495,0.5232216715812683
-0.019229378551244736,-0.016561806201934814,0.5221874117851257
-0.020571915432810783,-0.017385993152856827,0.5252445340156555
-0.020806007087230682,-0.01701696589589119,0.5260820984840393
-0.02205781824886799,-0.017402738332748413,0.5290853977203369
-0.020824681967496872,-0.01622268185019493,0.5324239134788513
-0.02196810208261013,-0.01609613373875618,0.5289320945739746
-0.022152457386255264,-0.015698350965976715,0.5296628475189209
-0.02323336899280548,-0.015933874994516373,0.5322715640068054
-0.023440703749656677,-0.015605623833835125,0.5330708026885986
-0.025579065084457397,-0.015328843146562576,0.5285428166389465
-0.022626200690865517,-0.01399331446737051,0.5320297479629517
-0.02271084487438202,-0.013635460287332535,0.532532274723053
-0.02147783525288105,-0.01234252005815506,0.535383939743042
-0.02113395743072033,-0.010958309285342693,0.529284656047821
-0.020079759880900383,-0.009284085594117641,0.5314196944236755
-0.0199603158980608,-0.008773986250162125,0.5315743088722229
-0.019804267212748528,-0.00826322566717863,0.5316922068595886
-0.019620215520262718,-0.007758435793220997,0.5317777991294861
-0.01976720243692398,-0.00794126745313406,0.5307637453079224
-0.01956257037818432,-0.00749715231359005,0.5307364463806152
-0.01886436715722084,-0.005995281971991062,0.5327218174934387
-0.018578648567199707,-0.005526584107428789,0.5327990651130676
-0.019444577395915985,-0.0067709642462432384,0.5293377637863159
-0.018643243238329887,-0.0054245819337666035,0.5313061475753784
-0.01834188587963581,-0.004952434450387955,0.5312497019767761
-0.019131770357489586,-0.006606257986277342,0.533886730670929
-0.01890767738223076,-0.005695168394595385,0.5279180407524109
-0.018666822463274002,-0.005404793191701174,0.5275722146034241
-0.0184036698192358,-0.00514941057190299,0.5272127389907837
-0.01811894215643406,-0.004913895390927792,0.5268511772155762
-0.016621150076389313,-0.0021157474257051945,0.5241312384605408
-0.01626172475516796,-0.0017650678055360913,0.5236329436302185
-0.01550888828933239,0.0004206940357107669,0.5256613492965698
-0.015129688195884228,0.0007848826935514808,0.5253893136978149
-0.014615906402468681,0.0027878722175955772,0.5272595882415771
-0.013348102569580078,0.005667983554303646,0.5208399295806885
-0.01278757955878973,0.008194966241717339,0.5220988392829895
-0.012305952608585358,0.008888091892004013,0.5217809081077576
-0.011862587183713913,0.011160450987517834,0.5230185389518738
-0.010677168145775795,0.014155380427837372,0.5185285806655884
-0.010084488429129124,0.016853587701916695,0.5192434787750244
-0.012999587692320347,0.0027881155256181955,0.5269635319709778
-0.012633707374334335,0.0030050291679799557,0.5270857810974121
-0.013940250501036644,-0.0006901496672071517,0.5256661772727966
-0.012980453670024872,0.00035852118162438273,0.5276160836219788
-0.012643110007047653,0.0003419594431761652,0.5277726650238037
-0.012159096077084541,0.0013307119952514768,0.5297804474830627
-0.013360949233174324,-0.0024687994737178087,0.5335974097251892
-0.012906713411211967,-0.0016977289924398065,0.5277804136276245
-0.014172255992889404,-0.004208377096801996,0.5307936668395996
-0.01400578673928976,-0.004599965177476406,0.5311397314071655
-0.01384382601827383,-0.0050135343335568905,0.5314978957176208
-0.0139188626781106,-0.004974108189344406,0.5259307026863098
-0.015940356999635696,-0.00710355443879962,0.5289439558982849
-0.013265815563499928,-0.006430541165173054,0.5323969125747681
-0.014332574792206287,-0.00811224989593029,0.5353087782859802
-0.014548545703291893,-0.008298247121274471,0.5303757786750793
-0.014498045668005943,-0.008824692107737064,0.5304639339447021
-0.014399949461221695,-0.009351194836199284,0.5305458307266235
-0.01431828923523426,-0.009986589662730694,0.530623197555542
-0.012262044474482536,-0.00866726879030466,0.53468257188797
-0.011796550825238228,-0.008327817544341087,0.5297446250915527
-0.010665975511074066,-0.006630379240959883,0.5326682925224304
-0.011956264264881611,-0.00945904478430748,0.5362898707389832
-0.01120916660875082,-0.008775685913860798,0.539015531539917
-0.010508235543966293,-0.007870960049331188,0.5335959792137146
-0.009958514012396336,-0.006701311562210321,0.5358439087867737
-0.009731976315379143,-0.00690098199993372,0.536090612411499
-0.009459937922656536,-0.007086205296218395,0.5363026857376099
-0.008586166426539421,-0.005749708041548729,0.530509889125824
-0.008308099582791328,-0.00585253955796361,0.5303055644035339
-0.008028561249375343,-0.005945642478764057,0.530071496963501
-0.0077471863478422165,-0.006028980482369661,0.529813289642334
-0.007464657071977854,-0.006103038787841797,0.5295373201370239
-0.006779024377465248,-0.005228463560342789,0.524526834487915
-0.010674838908016682,-0.010707737877964973,0.5295138359069824
-0.008731813170015812,-0.008472834713757038,0.5333787202835083
-0.010420636273920536,-0.011258896440267563,0.537307620048523
-0.010399457067251205,-0.011019235476851463,0.5327336192131042
-0.010327508673071861,-0.011246868409216404,0.5327226519584656
-0.010213100351393223,-0.011492185294628143,0.5327184796333313
-0.012380436062812805,-0.012760799378156662,0.5364382266998291
-0.013057518750429153,-0.012854308821260929,0.5315454602241516
-0.015508358366787434,-0.013512963429093361,0.5342230200767517
-0.015740681439638138,-0.013764108531177044,0.5342727303504944
-0.016008304432034492,-0.013949387706816196,0.5343137383460999
-0.017097478732466698,-0.01406953576952219,0.5297240614891052
-0.020577087998390198,-0.01423377264291048,0.532264769077301
-0.01179848425090313,-0.012905600480735302,0.5380171537399292
-0.011793607845902443,-0.01301525253802538,0.5383329391479492
-0.009680659510195255,-0.01163522433489561,0.5422742366790771
-0.010695509612560272,-0.011979593895375729,0.5407074093818665
-0.009253564290702343,-0.01089146826416254,0.5435783267021179
-0.009096065536141396,-0.0107955913990736,0.5441197752952576
-0.008293909020721912,-0.009706861339509487,0.5468035936355591
-0.007451927289366722,-0.008092137053608894,0.5409010648727417
-0.006697494070976973,-0.006472052540630102,0.5431249141693115
-0.007825576700270176,-0.008861998096108437,0.5464827418327332
-0.007141415029764175,-0.00787035096436739,0.5487397909164429
-0.007651110179722309,-0.008353493176400661,0.5451356172561646
-0.007418637163937092,-0.008152524940669537,0.545393168926239
-0.008274802006781101,-0.009147817268967628,0.5477524399757385
-0.00809318944811821,-0.008982416242361069,0.5480795502662659
-0.008802009746432304,-0.009561811573803425,0.5502771735191345
-0.007302589248865843,-0.008085526525974274,0.5465246438980103
-0.007078363094478846,-0.007918599992990494,0.5465895533561707
-0.005960504058748484,-0.006807224825024605,0.5486479997634888
-0.005683040712028742,-0.006587024312466383,0.5487887859344482
-0.004994393326342106,-0.005255693569779396,0.5417948365211487
-0.004687726031988859,-0.00498834578320384,0.5413967967033386
-0.004401939455419779,-0.004777925089001656,0.5409955978393555
-0.004092455375939608,-0.004516972694545984,0.5405745506286621
-0.002475803019478917,-0.0006484346813522279,0.5366532802581787
-0.002097183372825384,-0.0002015918435063213,0.5359586477279663
-0.0012690528528764844,0.0024455164093524218,0.5377381443977356
-0.0008632707176730037,0.0030068475753068924,0.5372097492218018
0.0005829727160744369,0.007915310561656952,0.5329967141151428
0.0010335231199860573,0.008687200024724007,0.5322389602661133
0.001604761229828,0.011503471992909908,0.5330925583839417
-0.0009462959133088589,0.0006037569255568087,0.5395201444625854
-0.0006517688743770123,0.000973482383415103,0.5392872095108032
0.00011369470303179696,0.002704442013055086,0.5327221751213074
0.00041627002065069973,0.0030252826400101185,0.5321254730224609
-0.001764560816809535,-0.001859579817391932,0.5363038182258606
-0.001613924978300929,-0.0018299389630556107,0.53603595495224
-0.003952444531023502,-0.003755374113097787,0.5341015458106995
-0.00395025173202157,-0.0038679679855704308,0.5337473750114441
-0.005989398807287216,-0.0051852804608643055,0.536412239074707
-0.006123783532530069,-0.005403771530836821,0.5363442301750183
-0.009945139288902283,-0.006162457168102264,0.5325710773468018
-0.010327693074941635,-0.006450784858316183,0.532285749912262
-0.010724736377596855,-0.006754759699106216,0.5320183038711548
-0.00338087510317564,-0.0054737264290452,0.537595808506012
-0.0033994114492088556,-0.005716787651181221,0.5377448797225952
-0.0010817485162988305,-0.0035893952008336782,0.5359525084495544
-0.0009763170965015888,-0.0037178313359618187,0.5360134840011597
0.000273014884442091,-0.002187822014093399,0.5389353036880493
0.0004449711414054036,-0.002231503138318658,0.5392162799835205
0.0021400535479187965,0.0016027501551434398,0.534936785697937
0.0002920776605606079,-0.003641553921625018,0.5394613146781921
0.0004457047616597265,-0.003779411083087325,0.5397509932518005
0.0005972974468022585,-0.00392397353425622,0.5400443077087402
0.002069051843136549,-0.0009716585045680404,0.5364254117012024
0.002282182453200221,-0.000964472652412951,0.5364150404930115
0.0028109170962125063,0.0008315224549733102,0.5387862324714661
0.003057332243770361,0.0009327221778221428,0.5389065742492676
0.0032461825758218765,0.000980365090072155,0.5390322208404541
0.004098936449736357,0.0027493152301758528,0.5334569811820984
0.004609292838722467,0.005574423354119062,0.5356408953666687
0.00484441639855504,0.005873634945601225,0.5355145931243896
0.005123362876474857,0.008239306509494781,0.537448525428772
0.006187550723552704,0.011276441626250744,0.5320521593093872
0.006440965458750725,0.011792491190135479,0.531707227230072
0.006686554290354252,0.012303212657570839,0.531364381313324
0.006923296023160219,0.015466590411961079,0.5329163074493408
0.007650450803339481,0.01781485229730606,0.5296598076820374
0.007894414477050304,0.018424872308969498,0.5293118953704834
0.008119297213852406,0.0190992783755064,0.5289636254310608
0.008418720215559006,0.022352267056703568,0.5300337076187134
0.008623804897069931,0.023113926872611046,0.5298242568969727
0.00945232342928648,0.02797815576195717,0.5271486043930054
0.009654223918914795,0.028872724622488022,0.526840090751648
0.009819181635975838,0.031032854691147804,0.5271663665771484
0.009989197365939617,0.03193581476807594,0.5269691944122314
0.010261756367981434,0.03455502912402153,0.525748610496521
0.01040615700185299,0.035434093326330185,0.5255730152130127
0.009899396449327469,0.021654494106769562,0.5268781781196594
0.010038054548203945,0.02192419208586216,0.5266751050949097
0.010177995078265667,0.02220899984240532,0.5263238549232483
0.010083883069455624,0.015553081408143044,0.5263245701789856
0.010185005143284798,0.015351357869803905,0.5261259078979492
0.010244512930512428,0.015066109597682953,0.5259578824043274
0.010064750909805298,0.014040800742805004,0.5273577570915222
0.010078128427267075,0.013548534363508224,0.5273476243019104
0.010088815353810787,0.013044058345258236,0.5273722410202026
0.010093488730490208,0.01256146002560854,0.5274254083633423
0.010013512335717678,0.011886853724718094,0.5275357365608215
0.0013344212202355266,-0.009916930459439754,0.5354992747306824
0.0009354215580970049,-0.011435410007834435,0.5358777642250061
0.0004944894462823868,-0.012799667194485664,0.5362516045570374
1.1745255505957175e-05,-0.014510707929730415,0.5366380214691162
-0.011351510882377625,-0.027824128046631813,0.5422804951667786
-0.012344752438366413,-0.029917124658823013,0.5428761839866638
-0.013285260647535324,-0.03201983869075775,0.5434885621070862
-0.014427008107304573,-0.034170765429735184,0.5440720319747925
-0.015469680540263653,-0.036206137388944626,0.5437403321266174
-0.025406748056411743,-0.042218077927827835,0.5481881499290466
-0.009117789566516876,-0.04206018149852753,0.5573320388793945
-0.009760801680386066,-0.04425850883126259,0.5584263801574707
-0.007769708521664143,-0.04420119524002075,0.5638103485107422
-0.007924729026854038,-0.045129984617233276,0.5600585341453552
-0.008416803553700447,-0.04703899472951889,0.5609676241874695
-0.011088007129728794,-0.05089966952800751,0.566027820110321
-0.009756360203027725,-0.05118323490023613,0.5706565380096436
-0.011255969293415546,-0.05321289226412773,0.5697218775749207
-0.010393649339675903,-0.053745947778224945,0.5732390880584717
-0.011719071306288242,-0.05580155551433563,0.5763358473777771
-0.011118566617369652,-0.05657084286212921,0.5794806480407715
-0.011054271832108498,-0.05689886212348938,0.5737978219985962
-0.010411852970719337,-0.05708570405840874,0.5764621496200562
-0.010640693828463554,-0.058254290372133255,0.5770772695541382
-0.010280775837600231,-0.05834658071398735,0.5795372724533081
-0.011080041527748108,-0.059351976960897446,0.5816221833229065
-0.01082953903824091,-0.05889945849776268,0.5737805962562561
-0.010917595587670803,-0.059685491025447845,0.5736433863639832
-0.010295668616890907,-0.059152889996767044,0.5758063197135925
-0.010324379429221153,-0.05972108989953995,0.5756279230117798
-0.009690675884485245,-0.05865628272294998,0.567606508731842
-0.009644784964621067,-0.05901017412543297,0.566726803779602
-0.009588254615664482,-0.05922885239124298,0.5657588243484497
-0.010840936563909054,-0.058793678879737854,0.5676403641700745
-0.008982811123132706,-0.056460462510585785,0.5627759099006653
-0.008840047754347324,-0.05632959306240082,0.561601459980011
-0.008620736189186573,-0.05612122267484665,0.5603964328765869
-0.009627378545701504,-0.05566166341304779,0.5618568062782288
-0.00784581620246172,-0.05310095474123955,0.5568163394927979
-0.008609266020357609,-0.0529518686234951,0.5577028393745422
-0.007386441342532635,-0.05137878283858299,0.5588455200195312
-0.007122931536287069,-0.05064120888710022,0.5578557848930359
-0.006833148654550314,-0.04981730133295059,0.5568689107894897
-0.006222003139555454,-0.048010777682065964,0.5488019585609436
-0.005899557378143072,-0.04705315828323364,0.5473940372467041
-0.007103337440639734,-0.046377770602703094,0.5488530397415161
-0.00539316376671195,-0.04415614530444145,0.5507628321647644
-0.005915975663810968,-0.04277123510837555,0.5459338426589966
-0.0056269424967467785,-0.04154154285788536,0.5448400974273682
-0.005295973736792803,-0.04020131006836891,0.5437918305397034
-0.005027663428336382,-0.03890153393149376,0.5428161025047302
-0.004839438479393721,-0.03710244596004486,0.5358828902244568
-0.0025596758350729942,-0.03355675935745239,0.5382553935050964
-0.003537260927259922,-0.033494845032691956,0.5402392745018005
-0.0023608875926584005,-0.030854715034365654,0.5421590209007263
-0.0029105201829224825,-0.030365025624632835,0.5438951849937439
-0.0016982890665531158,-0.02717576175928116,0.5390743017196655
-0.0013243838911876082,-0.025486834347248077,0.5385178923606873
-0.0003899667935911566,-0.022844381630420685,0.5399206280708313
4.361296305432916e-06,-0.02113201655447483,0.5395932197570801
0.0013842140324413776,-0.016886873170733452,0.5346616506576538
0.0003352811327204108,-0.01834782212972641,0.5371853113174438
0.001158995903097093,-0.01591959036886692,0.538512110710144
0.00046166370157152414,-0.01631164737045765,0.5407318472862244
0.0015742207178846002,-0.012998830527067184,0.5360820293426514
0.0019043099600821733,-0.011365155689418316,0.5358294248580933
0.002510343212634325,-0.00898120366036892,0.5371193885803223
0.0028275689110159874,-0.007376322988420725,0.5370339155197144
0.004056877922266722,-0.0030900496058166027,0.5317552089691162
0.004388495348393917,-0.0013836720027029514,0.5313252806663513
0.004726548679172993,0.001334691303782165,0.5323961973190308
0.003117769490927458,-0.0033346351701766253,0.5365971326828003
0.003553228685632348,-0.001374142011627555,0.538022518157959
0.00281356368213892,-0.0024234801530838013,0.5346853733062744
0.0034727510064840317,-0.0006281242240220308,0.5361093282699585
0.0036585964262485504,0.00044145656283944845,0.5361369848251343
0.004045368637889624,0.0020714756101369858,0.5376103520393372
0.00321001373231411,0.0005423752008937299,0.5347127318382263
0.0037885806523263454,0.002114865928888321,0.5361316800117493
0.00274007860571146,0.00028274362557567656,0.5386660099029541
0.0031508086249232292,0.001374306040816009,0.5402058362960815
0.0023799221962690353,0.0007303739548660815,0.5362673997879028
0.0023571429774165154,0.0011405555997043848,0.5361769199371338
0.0023177138064056635,0.001523366430774331,0.5360767245292664
0.003053348744288087,0.002622507745400071,0.5378138422966003
0.002000132342800498,0.0005626831552945077,0.5404036641120911
0.0019637197256088257,0.0015068480279296637,0.5330408215522766
0.0018619525944814086,0.0016263443976640701,0.5326939225196838
0.002773463260382414,0.00272358488291502,0.5348277688026428
0.001464220811612904,0.00020081312686670572,0.5377271175384521
0.002497699810191989,0.0018742091488093138,0.5329835414886475
0.0011936931405216455,-0.00025248341262340546,0.5352426767349243
0.0018160977633669972,0.00022535484458785504,0.5370245575904846
0.0007565442356280982,-0.001511414535343647,0.5391948819160461
0.0016037115128710866,-0.00033652601996436715,0.5351828932762146
0.001471944386139512,-0.000634553493000567,0.5350704193115234
0.0019528084667399526,-0.00014405853289645165,0.5367330312728882
0.0007654982036910951,-0.0026066263671964407,0.5392565727233887
0.0011593061499297619,-0.002562531502917409,0.5410358309745789
0.00044376752339303493,-0.0032072446774691343,0.5358105897903442
0.00027361957472749054,-0.00372503069229424,0.5357692837715149
8.222641190513968e-05,-0.0042138490825891495,0.5357308983802795
0.0005900124670006335,-0.0039071026258170605,0.537785530090332
-0.0004427505482453853,-0.005285655148327351,0.533923327922821
-0.0006445939652621746,-0.005904070567339659,0.5337399840354919
-0.001991424011066556,-0.007617690600454807,0.5359101295471191
-0.0009991161059588194,-0.007518344558775425,0.5381242632865906
-0.000988866202533245,-0.007231425493955612,0.5310023427009583
-0.0002561477886047214,-0.006658701226115227,0.532814621925354
-0.00037718203384429216,-0.007230811286717653,0.5325595140457153
-0.0005073108477517962,-0.007749659940600395,0.5323010683059692
-0.0005341395735740662,-0.007709822617471218,0.5322974324226379
-0.00021929325885139406,-0.007150318473577499,0.5258020758628845
-0.00252998573705554,-0.010041910223662853,0.5288299322128296
-0.0010887618409469724,-0.009331133216619492,0.531423807144165
-0.0024298308417201042,-0.01145977433770895,0.5339759588241577
-0.001339031383395195,-0.010229788720607758,0.5297427773475647
-0.0014513934729620814,-0.010713747702538967,0.5294259786605835
-0.001581706339493394,-0.011233867146074772,0.5291389226913452
-0.0016775621334090829,-0.011651312932372093,0.528862714767456
-0.0005235244170762599,-0.0094205467030406,0.5262012481689453
-0.0005523458239622414,-0.00970606692135334,0.525835394859314
-0.0005755185848101974,-0.00997576117515564,0.5255007743835449
-0.0005984681774862111,-0.01025016326457262,0.5252010226249695
-0.0001676686661085114,-0.009466356597840786,0.5199504494667053
-0.00015368236927315593,-0.009638563729822636,0.5193895101547241
0.0008191526867449284,-0.006013028789311647,0.5223974585533142
0.0009017637930810452,-0.005929356440901756,0.5221384167671204
0.0012024034513160586,-0.003004686674103141,0.5246821641921997
0.0019207630539312959,-0.0009301428799517453,0.5208068490028381
0.0022069080732762814,0.0022428808733820915,0.522371768951416
0.002346053486689925,0.002766447840258479,0.5223721861839294
0.00252280430868268,0.003353762673214078,0.5223775506019592
-0.001013972912915051,-0.010658789426088333,0.5269269347190857
-0.0005585631588473916,-0.008916201069951057,0.529448390007019
-0.0024915786925703287,-0.013969945721328259,0.53408282995224
-0.0019713719375431538,-0.013182472437620163,0.5368042588233948
-0.001625348231755197,-0.012194512411952019,0.5325043201446533
-0.0016729431226849556,-0.012359878048300743,0.5330164432525635
-0.0016994239995256066,-0.012501930817961693,0.5335243940353394
-0.0011954167857766151,-0.011140794493258,0.536391019821167
-0.002986096078529954,-0.016042765229940414,0.5413439273834229
-0.0028316332027316093,-0.015392420813441277,0.5358355045318604
-0.0029333659913390875,-0.015728706493973732,0.5363377332687378
-0.002273054327815771,-0.014538697898387909,0.5394418239593506
-0.0023403267841786146,-0.014739754609763622,0.5400747060775757
-0.0013882274506613612,-0.011792977340519428,0.5367573499679565
-0.003328255843371153,-0.016757354140281677,0.5410502552986145
-0.00343053275719285,-0.017049599438905716,0.5415865778923035
-0.0035440409556031227,-0.017339196056127548,0.5420917868614197
-0.0033876418601721525,-0.01681058667600155,0.5371260643005371
-0.003473100485280156,-0.017060138285160065,0.5371800065040588
-0.002566763898357749,-0.015182959847152233,0.5402064919471741
-0.0025912721175700426,-0.015300462953746319,0.5403813719749451
-0.002269681775942445,-0.013836674392223358,0.5429667830467224
-0.0036441877018660307,-0.018018024042248726,0.5416024327278137
-0.0031001162715256214,-0.017036745324730873,0.5437406897544861
-0.004545927979052067,-0.020146455615758896,0.5470153093338013
-0.0040145269595086575,-0.019745994359254837,0.5491090416908264
-0.0036499237176030874,-0.018883991986513138,0.5443798303604126
-0.003684410359710455,-0.01909334398806095,0.5444694757461548
-0.00514995725825429,-0.02163132093846798,0.5473430156707764
-0.00435652257874608,-0.021175911650061607,0.5495029091835022
-0.003997041843831539,-0.02025378681719303,0.5433017611503601
-0.004028898663818836,-0.020483942702412605,0.5431517362594604
-0.004043660592287779,-0.020689046010375023,0.5429685115814209
-0.0031729324255138636,-0.019499335438013077,0.5452665090560913
-0.0025704866275191307,-0.01833595335483551,0.5395073294639587
-0.0019313570810481906,-0.016672249883413315,0.5411228537559509
-0.003506198525428772,-0.020885614678263664,0.544526219367981
-0.0034493182320147753,-0.02099798619747162,0.5444200038909912
-0.003395212348550558,-0.021090853959321976,0.5443061590194702
-0.003071136772632599,-0.020285120233893394,0.538553774356842
-0.004720446653664112,-0.022538626566529274,0.5411736965179443
-0.00475957989692688,-0.022673022001981735,0.5408275127410889
-0.00477250711992383,-0.02279285527765751,0.5404646992683411
-0.002718055620789528,-0.02036796137690544,0.5363959670066833
-0.004159174859523773,-0.022321728989481926,0.5388069748878479
-0.0029887575656175613,-0.021315451711416245,0.5408446788787842
-0.002880522282794118,-0.0212913379073143,0.5406195521354675
-0.0016150333685800433,-0.01882053166627884,0.5362946391105652
-0.0014153884258121252,-0.018637053668498993,0.5358185172080994
-0.0008653286495245993,-0.01714452914893627,0.5373539924621582
-0.0006513932603411376,-0.016844430938363075,0.5370247960090637
-0.00025473287678323686,-0.015407280996441841,0.5385562181472778
-0.0010455556912347674,-0.017827440053224564,0.535702645778656
-0.0008377133053727448,-0.017543237656354904,0.5353302955627441
-0.0006373407668434083,-0.017298903316259384,0.5349768400192261
4.8518722906010225e-05,-0.0157924797385931,0.5368171334266663
0.0009785521542653441,-0.01366154383867979,0.5296950340270996
0.0012402532156556845,-0.013207945041358471,0.5290469527244568
0.0015038049314171076,-0.012747319415211678,0.5284181237220764
0.0021832850761711597,-0.010345513932406902,0.5304169058799744
0.0007559504010714591,-0.01499580591917038,0.5297874212265015
0.001499263453297317,-0.013416250236332417,0.5314216613769531
0.00018731241289060563,-0.01634165272116661,0.5344734191894531
0.0009182363864965737,-0.015357491560280323,0.5362728238105774
0.001553917652927339,-0.013908538967370987,0.530661404132843
0.001746036228723824,-0.01357902679592371,0.5304229855537415
0.0019348940113559365,-0.013256904669106007,0.5302097201347351
0.0025069096591323614,-0.011641229502856731,0.5323420166969299
0.0027063915040344,-0.011242956854403019,0.5323249101638794
0.0036708645056933165,-0.007945221848785877,0.5289216041564941
0.0019385921768844128,-0.013134129345417023,0.5329195261001587
0.0024003847502171993,-0.012023229151964188,0.5346848368644714
0.0012927241623401642,-0.014556326903402805,0.5377192497253418
0.0015714004402980208,-0.013443523086607456,0.5318249464035034
0.00036629053647629917,-0.01507152896374464,0.5341634154319763
0.0014260773314163089,-0.01425523217767477,0.5362238883972168
0.0006197004113346338,-0.015420036390423775,0.5384246110916138
0.001618127222172916,-0.013883909210562706,0.5344806909561157
0.0007030320703051984,-0.015162852592766285,0.5363690257072449
0.0015296249184757471,-0.014473743736743927,0.5381344556808472
0.0015684064710512757,-0.014435739256441593,0.5384002923965454
0.0019706329330801964,-0.01378639880567789,0.5400861501693726
0.0015181960770860314,-0.01400033663958311,0.5352943539619446
0.0015281609958037734,-0.013956199400126934,0.535196840763092
0.001535699120722711,-0.013910976238548756,0.5350744724273682
0.0015445820754393935,-0.013882271014153957,0.5349283814430237
-4.664576863433467e-06,-0.014392762444913387,0.5299840569496155
-9.716947533888742e-05,-0.014384240843355656,0.529421865940094
-0.0016265695448964834,-0.015053403563797474,0.5312981009483337
0.0005209518130868673,-0.014182660728693008,0.533939778804779
0.0004542241513263434,-0.0134657621383667,0.5268826484680176
0.0016555316979065537,-0.01214359886944294,0.5287517309188843
0.0016751879593357444,-0.011988571844995022,0.5282142162322998
0.0022302125580608845,-0.010657615959644318,0.5299926996231079
0.0011042009573429823,-0.012528394348919392,0.5324850678443909
0.002087215194478631,-0.010525509715080261,0.5282334089279175
0.0009865118190646172,-0.01191855687648058,0.5300682783126831
0.0009546669898554683,-0.01179477572441101,0.5298054218292236
0.0009262934327125549,-0.011632848531007767,0.5295600891113281
0.0010559443617239594,-0.010699043981730938,0.5231379866600037
-0.0005123140290379524,-0.011684776283800602,0.5250992178916931
0.0010889976983889937,-0.010533848777413368,0.527267336845398
0.0001181404004455544,-0.011365006677806377,0.5291357636451721
-8.432741742581129e-05,-0.010756500996649265,0.5239877104759216
-0.0001719688152661547,-0.010575618594884872,0.5235105752944946
0.0011343363439664245,-0.009158803150057793,0.5256873369216919
0.0011252658441662788,-0.008891580626368523,0.5254259705543518
0.001652512582950294,-0.0075047737918794155,0.5274026989936829
0.002183962846174836,-0.005915036890655756,0.5220295786857605
0.0022381111048161983,-0.005456104874610901,0.521632969379425
0.0006179936463013291,-0.007906968705356121,0.5247299075126648
0.001310993917286396,-0.006661903578788042,0.5268725156784058
0.0004576569190248847,-0.007108401972800493,0.5230315923690796
0.001180498395115137,-0.005937045905739069,0.5247644186019897
0.001166073721833527,-0.005587050225585699,0.5247313380241394
0.0015422425931319594,-0.004399762488901615,0.5264793634414673
0.000679465476423502,-0.00516922352835536,0.5231139063835144
0.0006361259729601443,-0.00484309159219265,0.5229969024658203
0.0005906432634219527,-0.004518328234553337,0.5228933691978455
0.0012099615996703506,-0.003149043768644333,0.5249289274215698
0.001601891708560288,-0.0017135250382125378,0.5197397470474243
0.002013309160247445,2.6855477699427865e-05,0.5213519930839539
0.002045441186055541,0.0005748496623709798,0.5212022662162781
0.0022855077404528856,0.0022877275478094816,0.5228172540664673
0.002327154390513897,0.0029683238826692104,0.5227828621864319
0.0031210666056722403,0.006695275194942951,0.5192074775695801
0.0031827257480472326,0.007440109271556139,0.5189937353134155
0.0033267925027757883,0.00955902598798275,0.5200757384300232
0.003396656597033143,0.010413266718387604,0.5199472308158875
0.004174737259745598,0.014778226613998413,0.5165557861328125
0.0013587954454123974,0.0037768969777971506,0.5226131677627563
0.0013170279562473297,0.004205356817692518,0.5226256251335144
0.001298325601965189,0.0045894961804151535,0.522641658782959
0.001914343680255115,0.007716088555753231,0.5189967155456543
-2.9967166483402252e-05,0.0020885111298412085,0.5227875709533691
0.00018897114205174148,0.003075001761317253,0.5243591666221619
-0.0011503116693347692,9.477517596678808e-05,0.5272433757781982
-0.0009307342697866261,0.0006118750316090882,0.5288804769515991
-0.0006398881669156253,0.0018246067920699716,0.5232317447662354
-0.00042876091902144253,0.0026441803202033043,0.5246775150299072
-0.0017879470251500607,-0.0002752416767179966,0.527428925037384
-0.0014968838077038527,6.43736420897767e-05,0.5290243625640869
-0.002383284969255328,-0.0009571756818331778,0.5255994200706482
-0.0017871640156954527,-0.0005090569029562175,0.5270536541938782
-0.0019245051080361009,-0.0006768930470570922,0.5272068977355957
-0.00205929740332067,-0.000856856582686305,0.527352511882782
-0.0018510707886889577,-6.329939787974581e-05,0.5214784145355225
-0.0012130162212997675,0.0009780079126358032,0.5231234431266785
-0.002571356249973178,-0.0018761195242404938,0.5257532596588135
-0.0027031044010072947,-0.002134372480213642,0.5257397890090942
-0.0028301177080720663,-0.00240085506811738,0.5257202982902527
-0.0016637902008369565,-0.0006104988278821111,0.5220728516578674
-0.0017137631075456738,-0.0007477680337615311,0.5217976570129395
-0.001750348717905581,-0.0009687356068752706,0.5215105414390564
-0.003324749181047082,-0.003609989071264863,0.5247132778167725
-0.0034608638379722834,-0.003287295578047633,0.5183648467063904
-0.0035731263924390078,-0.003633336164057255,0.5178429484367371
-0.003643771866336465,-0.0038648603949695826,0.5173142552375793
-0.0037475954741239548,-0.004140964709222317,0.5167994499206543
-0.003890956286340952,-0.004054851830005646,0.5116885900497437
-0.003970990423113108,-0.004302359186112881,0.5109439492225647
-0.0010866459924727678,-0.0012174943694844842,0.5147620439529419
-0.0009939203737303615,-0.0012648658594116569,0.5143798589706421
-0.000891733099706471,-0.0012988124508410692,0.5140488743782043
0.0005402941606007516,0.0028206799179315567,0.5129687786102295
0.000730351428501308,0.0030309073626995087,0.5126908421516418
0.0009063796023838222,0.003265407169237733,0.5124485492706299
0.0016045748488977551,0.00643592095002532,0.5150020718574524
0.0026565766893327236,0.009228749200701714,0.509880781173706
0.0029822231736034155,0.009831948205828667,0.5095925331115723
0.0032477080821990967,0.01028718426823616,0.5093784332275391
0.003520314348861575,0.010867070406675339,0.5091756582260132
0.0040825968608260155,0.012188676744699478,0.5069480538368225
0.00485885189846158,0.01749049313366413,0.508701741695404
0.005170137621462345,0.018395142629742622,0.5086158514022827
0.005498685408383608,0.019306758418679237,0.5085689425468445
0.006277075503021479,0.021715734153985977,0.5056585073471069
0.0066439127549529076,0.022648032754659653,0.5055467486381531
0.006954452022910118,0.023619942367076874,0.5054773688316345
0.007292505353689194,0.024542316794395447,0.5054351091384888
0.0010376079007983208,0.0020773971918970346,0.5157917737960815
0.001009377301670611,0.0025488596875220537,0.5132064819335938
-0.0026782993227243423,-0.001058508874848485,0.5179945230484009
-0.002886702073737979,-0.0010854281717911363,0.518632709980011
-0.005766307469457388,-0.0023294014390558004,0.522732138633728
-0.0075913770124316216,-0.0023119633551687002,0.5186938643455505
-0.010688355192542076,-0.0027836267836391926,0.5216072201728821
-0.01129260566085577,-0.0028559714555740356,0.5223182439804077
-0.011897401884198189,-0.0029295883141458035,0.5230257511138916
-0.014149012044072151,-0.0028931517153978348,0.519450306892395
-0.017986375838518143,-0.0026376009918749332,0.5218852162361145
-0.01871192641556263,-0.0025712407659739256,0.5224447846412659
-0.021818319335579872,-0.002093674149364233,0.5246014595031738
-0.02466738596558571,-0.0018617453752085567,0.5220695734024048
-0.02794581837952137,-0.0011322315549477935,0.5235117673873901
-0.02895800583064556,-0.0008120696293190122,0.5239508748054504
-0.03150244429707527,0.00012024968600599095,0.5252094864845276
-0.006322471424937248,0.0012679863721132278,0.5381372570991516
-0.008204115554690361,0.0023706078063696623,0.534743070602417
-0.0033767952118068933,0.003994644153863192,0.5388867259025574
-0.0032789246179163456,0.0048810625448822975,0.539825439453125
-0.0012342155678197742,0.006626447197049856,0.5429804921150208
-0.0014772543217986822,0.00824367068707943,0.5387820601463318
0.00019501577480696142,0.010195445269346237,0.5411807298660278
-1.781911851139739e-05,0.011084050871431828,0.5430607199668884
0.0013160896487534046,0.013076425530016422,0.5452365875244141
0.0021615694276988506,0.015621932223439217,0.5397191643714905
0.003209370654076338,0.01816665194928646,0.5414009094238281
0.0031184223480522633,0.019100718200206757,0.5430563688278198
0.003984096460044384,0.02156282216310501,0.5446251630783081
0.004578975960612297,0.023648887872695923,0.5449102520942688
0.005645556375384331,0.026979776099324226,0.5380399227142334
0.006266787648200989,0.029302624985575676,0.537627637386322
0.006879979278892279,0.0317702554166317,0.537140429019928
0.0064744045957922935,0.03333238884806633,0.5388235449790955
0.007217133417725563,0.03777093440294266,0.5333045125007629
0.00687803840264678,0.03956890106201172,0.5343338251113892
0.007725600618869066,0.04333268851041794,0.535431981086731
0.007634278852492571,0.04566479101777077,0.5362525582313538
0.008357732556760311,0.0502701997756958,0.5319468379020691
0.008831662125885487,0.05369725450873375,0.5311161875724792
0.009330985136330128,0.05727744847536087,0.5302718281745911
0.00895222183316946,0.06000357121229172,0.5311142802238464
0.009386219084262848,0.06389539688825607,0.5303308367729187
0.009629993699491024,0.06823772937059402,0.5240156650543213
0.010052821598947048,0.07365719228982925,0.5250889658927917
0.010390747338533401,0.07799744606018066,0.5241336822509766
0.0107183288782835,0.08265412598848343,0.5231040716171265
0.0112689808011055,0.0879233255982399,0.5171040296554565
0.011390180326998234,0.09490134567022324,0.5181835293769836
0.011644144542515278,0.10006245225667953,0.5170765519142151
0.01190498098731041,0.10545273125171661,0.5159720778465271
0.012407476082444191,0.11148091405630112,0.5118690729141235
0.012646517716348171,0.11728280037641525,0.5106483101844788
0.012850921601057053,0.12304704636335373,0.5095475912094116
0.012980830855667591,0.1292668879032135,0.5084042549133301
0.010404608212411404,0.13041472434997559,0.5116240382194519
0.01021590456366539,0.13689953088760376,0.5069436430931091
0.007826182059943676,0.14157135784626007,0.5088414549827576
0.00841614045202732,0.1496048867702484,0.5116422176361084
0.008210783824324608,0.15620335936546326,0.5113304257392883
0.007951210252940655,0.16333231329917908,0.5076671838760376
0.006140534300357103,0.16850560903549194,0.509455144405365
0.0062952288426458836,0.17679351568222046,0.5121185183525085
0.005030899308621883,0.18263359367847443,0.5138176679611206
0.004767061211168766,0.19126112759113312,0.512578010559082
0.004291882272809744,0.1988508254289627,0.5127304196357727
0.003937444183975458,0.20748259127140045,0.5149096250534058
0.0027406339067965746,0.2134116291999817,0.5167645215988159
0.0021069031208753586,0.22195784747600555,0.51898592710495
0.0018335251370444894,0.23095537722110748,0.5149438977241516
0.0011857295176014304,0.24004493653774261,0.5170472860336304
0.000628343434073031,0.24851354956626892,0.5175858736038208
-7.110075239324942e-05,0.2578747868537903,0.5196132659912109
-0.0011639200383797288,0.26383712887763977,0.5172795653343201
-0.001705565140582621,0.2732070982456207,0.5191308259963989
-0.0029887554701417685,0.2794841229915619,0.5208998322486877
-0.0036870159674435854,0.28874802589416504,0.5228397846221924
-0.004713029135018587,0.2964822053909302,0.5197619199752808
-0.005232271738350391,0.30601412057876587,0.5214781761169434
-0.005895601585507393,0.3150995671749115,0.5218707323074341
-0.006623801775276661,0.32475921511650085,0.523611843585968
-0.006830628030002117,0.33507323265075684,0.5191647410392761
-0.00738774798810482,0.3452346920967102,0.5206755995750427
-0.008806646801531315,0.3509511947631836,0.522369384765625
-0.009399943985044956,0.36025935411453247,0.522648811340332
-0.009926728904247284,0.36976778507232666,0.5228143334388733
-0.009960856288671494,0.38109108805656433,0.5187026858329773
-0.010465853847563267,0.39084842801094055,0.5185137987136841
-0.010836710222065449,0.4013936519622803,0.5200141668319702
-0.012354901060461998,0.40620726346969604,0.5219591856002808
-0.012629502452909946,0.41672852635383606,0.5162363052368164
-0.013069168664515018,0.42632153630256653,0.515888512134552
-0.013482711277902126,0.43604037165641785,0.5154848694801331
-0.01387612521648407,0.4457787573337555,0.515089213848114
-0.01330795232206583,0.45817601680755615,0.5121048092842102
-0.015205995179712772,0.4624006152153015,0.5141510367393494
-0.014916953630745411,0.47313252091407776,0.5160298347473145
-0.016120241954922676,0.47972166538238525,0.5176875591278076
-0.015850456431508064,0.49000734090805054,0.5196051597595215
-0.01590883545577526,0.5005310773849487,0.5148721933364868
-0.015469644218683243,0.5112162828445435,0.5166213512420654
-0.015614088624715805,0.5209969878196716,0.5165814757347107
-0.01543253380805254,0.5316203832626343,0.5184484720230103
-0.016499875113368034,0.5373691320419312,0.5167489051818848
-0.016112985089421272,0.5477005839347839,0.5184020400047302
-0.01705169305205345,0.5541072487831116,0.5202248096466064
-0.01710057444870472,0.5636492371559143,0.5204366445541382
-0.018112225458025932,0.571462094783783,0.5170885920524597
-0.018108516931533813,0.5808661580085754,0.5170555710792542
-0.0181909017264843,0.5901143550872803,0.517092764377594
-0.018189679831266403,0.5993772149085999,0.5171074271202087
-0.01923137903213501,0.6063118577003479,0.5187987089157104
-0.019961176440119743,0.6159085035324097,0.5138729214668274
-0.021227722987532616,0.6233596801757812,0.5153074264526367
-0.021306412294507027,0.6323201060295105,0.5151670575141907
-0.021327532827854156,0.6411358714103699,0.5150956511497498
-0.01654304936528206,0.6509042978286743,0.5162684321403503
-0.016261965036392212,0.6596664786338806,0.5162787437438965
-0.014148249290883541,0.6693068742752075,0.5193650126457214
-0.014749656431376934,0.6750344038009644,0.521589994430542
-0.014491448178887367,0.683994472026825,0.518182635307312
-0.014073972590267658,0.6925719976425171,0.5182601809501648
-0.01207107026129961,0.7017806172370911,0.5210815668106079
-0.01150380540639162,0.7101978659629822,0.5213658809661865
-0.00988033413887024,0.7202253341674805,0.5204522609710693
-0.010441550053656101,0.7239177227020264,0.5228564143180847
-0.009887493215501308,0.731909453868866,0.5232157111167908
-0.010156507603824139,0.7373577952384949,0.5251747965812683
-0.009595084004104137,0.7450148463249207,0.5256254076957703
-0.010346534661948681,0.7517362833023071,0.5222325921058655
-0.00784226693212986,0.759545087814331,0.5248600244522095
-0.007216526661068201,0.7670065760612488,0.5251063108444214
-0.006563724018633366,0.7742754220962524,0.5253654718399048
-0.007306975778192282,0.7803276777267456,0.5221242308616638
-0.004730638582259417,0.7876843214035034,0.524613082408905
-0.00479755736887455,0.7930192351341248,0.52615886926651
-0.0030841112602502108,0.8000450730323792,0.5283729434013367
-0.00313141499646008,0.805937647819519,0.5256044864654541
-0.0024735445622354746,0.8124576210975647,0.5256555676460266
-0.0018410240299999714,0.8188737034797668,0.5256763696670532
0.00013857615704182535,0.8255627751350403,0.5279577374458313
0.000882971566170454,0.8318629264831543,0.5280743837356567
0.0016615046188235283,0.8388895988464355,0.5231615304946899
0.0023542139679193497,0.8450035452842712,0.5228646993637085
0.003115616040304303,0.8509892821311951,0.5225346684455872
0.003886388149112463,0.8574058413505554,0.5221510529518127
0.006556282285600901,0.8660630583763123,0.5200316309928894
0.007424198091030121,0.8723552823066711,0.519456148147583
0.008205008693039417,0.8780363202095032,0.5188874006271362
0.008905425667762756,0.8834461569786072,0.5183400511741638
0.011356267146766186,0.8925548791885376,0.5149346590042114
0.00984259881079197,0.8908299207687378,0.517719566822052
0.011517071165144444,0.8967756628990173,0.5195677876472473
0.01227510254830122,0.9016264081001282,0.5192168951034546
0.012947413139045238,0.9066250324249268,0.5188062787055969
0.011903226375579834,0.9076963067054749,0.5165436267852783
0.013556365855038166,0.9128327369689941,0.5184329152107239
0.01302331779152155,0.9144564867019653,0.5203522443771362
0.014289719052612782,0.9189308285713196,0.5222231149673462
0.01487593725323677,0.9239116907119751,0.5174489617347717
0.015372058376669884,0.9278310537338257,0.5171224474906921
0.014586607925593853,0.9290333986282349,0.5190712809562683
0.01597040705382824,0.9329062700271606,0.5210277438163757
0.0164524856954813,0.9372247457504272,0.5163690447807312
0.0168021097779274,0.9406532645225525,0.5160595774650574
0.017130594700574875,0.9439124464988708,0.515765368938446
0.018399527296423912,0.9478622674942017,0.5178022384643555
0.018723027780652046,0.9509176015853882,0.5176823139190674
0.01933917962014675,0.9551596641540527,0.5120370388031006
0.01762782782316208,0.9536763429641724,0.514581024646759
0.019060052931308746,0.9568773508071899,0.5167823433876038
0.018131626769900322,0.9569883942604065,0.51894611120224
0.01812245324254036,0.9602606892585754,0.5137149691581726
0.01817449927330017,0.962475061416626,0.5134478807449341
0.01970653422176838,0.9652003645896912,0.5157555937767029
0.018650615587830544,0.965290904045105,0.5180879831314087
0.01973824016749859,0.9685352444648743,0.5154796242713928
0.019782759249210358,0.9703761339187622,0.5153831243515015
0.020561089739203453,0.9727769494056702,0.5172924995422363
0.020609179511666298,0.9744822382926941,0.5173534750938416
0.02140265703201294,0.9780970811843872,0.5148464441299438
0.021445434540510178,0.9797298908233643,0.514768123626709
0.02189830131828785,0.9823746085166931,0.5164613127708435
0.02047162689268589,0.9796146750450134,0.5194401741027832
0.020867984741926193,0.9813877940177917,0.5213235020637512
0.02113739587366581,0.9837861657142639,0.517233669757843
0.021099254488945007,0.9849488735198975,0.5172871351242065
0.019681360572576523,0.9835430383682251,0.5198012590408325
0.020333515480160713,0.9848976135253906,0.5218983292579651
0.019348343834280968,0.9853460788726807,0.5192365050315857
0.019171977415680885,0.9861459732055664,0.5193350315093994
0.018994156271219254,0.9868542551994324,0.5194273591041565
0.019777456298470497,0.9880774021148682,0.5217233896255493
0.018732773140072823,0.9887049794197083,0.5191018581390381
0.019597137346863747,0.9897037744522095,0.5209295153617859
0.01949213817715645,0.9902231693267822,0.5210496187210083
0.019370391964912415,0.9907248616218567,0.5211564898490906
0.018324049189686775,0.9906498789787292,0.5232240557670593
0.01795058324933052,0.9918805956840515,0.5184689164161682
0.016730569303035736,0.992255687713623,0.5201435089111328
0.01650395430624485,0.992615282535553,0.5200945138931274
0.01631511002779007,0.9929454922676086,0.5200188159942627
0.018549390137195587,0.9944592118263245,0.5177659392356873
0.018574336543679237,0.9947863817214966,0.5175168514251709
0.019932283088564873,0.9959009885787964,0.5199306011199951
0.019147496670484543,0.9960318207740784,0.5219027400016785
0.020338861271739006,0.997702956199646,0.5195404887199402
0.019756980240345,0.9979116320610046,0.5210269093513489
0.01994110457599163,0.9982314705848694,0.5209900736808777
0.01943378895521164,0.9988215565681458,0.522477924823761
0.019560681656003,0.9991694092750549,0.5225134491920471
0.019299332052469254,1.0004521608352661,0.5161458253860474
0.019617341458797455,1.0007312297821045,0.515777587890625
0.01994534209370613,1.0010179281234741,0.5153908729553223
0.02288481593132019,1.0019422769546509,0.5184650421142578
0.02232205867767334,1.0035836696624756,0.5161555409431458
0.024633750319480896,1.0043916702270508,0.5182586908340454
0.025363288819789886,1.0047740936279297,0.518121063709259
0.02616218850016594,1.0051432847976685,0.5179868936538696
0.02707120031118393,1.0063532590866089,0.513107419013977
0.029339848086237907,1.0078922510147095,0.515203058719635
0.03040773794054985,1.0083835124969482,0.514916181564331
0.032248806208372116,1.0101432800292969,0.5170754194259644
0.034029509872198105,1.0122084617614746,0.5111842155456543
0.0354435108602047,1.0127809047698975,0.5106900334358215
0.036909133195877075,1.013317584991455,0.5102101564407349
0.038491301238536835,1.0138444900512695,0.509726345539093
0.040190812200307846,1.0143024921417236,0.5092507600784302
0.04322788864374161,1.0187101364135742,0.5090380311012268
0.045166976749897,1.0193630456924438,0.5086255073547363
0.04720790684223175,1.0199910402297974,0.5082389116287231
0.049353428184986115,1.0206634998321533,0.5078665018081665
0.05260604992508888,1.0263510942459106,0.5072426795959473
0.0550522580742836,1.0271759033203125,0.5069085359573364
0.05789214372634888,1.03129243850708,0.5087124705314636
0.06062523275613785,1.032411813735962,0.5085434913635254
0.06386040151119232,1.0349550247192383,0.5053428411483765
0.06687675416469574,1.036116123199463,0.5050362348556519
0.06994301080703735,1.0370159149169922,0.5047929883003235
0.07312121987342834,1.0379385948181152,0.5045825839042664
0.07647145539522171,1.038663387298584,0.5044148564338684
0.0799441933631897,1.0399246215820312,0.5030345916748047
0.08352725207805634,1.0408332347869873,0.5028157830238342
0.08724931627511978,1.041678786277771,0.5026181936264038
0.09161490201950073,1.0492219924926758,0.5050515532493591
0.09562190622091293,1.0501259565353394,0.5047237873077393
0.09977846592664719,1.0508836507797241,0.5047385692596436
0.10452785342931747,1.051931381225586,0.5047585964202881
0.10899417102336884,1.0527217388153076,0.5048044323921204
0.11364767700433731,1.0541229248046875,0.5034076571464539
0.11846423894166946,1.054715871810913,0.5033933520317078
0.12339102476835251,1.0552759170532227,0.5033971667289734
0.12808309495449066,1.0631788969039917,0.5052080154418945
0.1329110860824585,1.0629554986953735,0.5072667002677917
0.13803957402706146,1.0633916854858398,0.5076022148132324
0.1435558944940567,1.0637624263763428,0.5078455805778503
0.1490819901227951,1.0643517971038818,0.508125901222229
0.15471094846725464,1.0649045705795288,0.5084160566329956
0.16044646501541138,1.0649148225784302,0.5092222094535828
0.16645170748233795,1.0651389360427856,0.5095101594924927
0.17257659137248993,1.0655242204666138,0.5097996592521667
0.17855796217918396,1.0654534101486206,0.5101664066314697
0.18420709669589996,1.0706626176834106,0.5112271308898926
0.1906333714723587,1.0708805322647095,0.5115478038787842
0.1971525251865387,1.0707807540893555,0.51187664270401
0.2039213329553604,1.0708893537521362,0.5121237635612488
0.2106943428516388,1.0704188346862793,0.5129481554031372
0.21772520244121552,1.0703787803649902,0.5132059454917908
0.2250765711069107,1.0701677799224854,0.5133894085884094
0.2321070283651352,1.0696126222610474,0.5137214660644531
0.23967237770557404,1.0694594383239746,0.513881504535675
0.2469302862882614,1.0691344738006592,0.514162003993988
0.2545141875743866,1.0688831806182861,0.5143640637397766
0.26227277517318726,1.0680992603302002,0.514520525932312
0.27102282643318176,1.067413091659546,0.5146455764770508
0.27888134121894836,1.066725492477417,0.5153120160102844
0.286575049161911,1.0660691261291504,0.5155160427093506
0.29475730657577515,1.0650842189788818,0.5156407952308655
0.3027530610561371,1.064180612564087,0.5158205032348633
0.3113026022911072,1.0633492469787598,0.5159340500831604
0.31951478123664856,1.0625687837600708,0.5160510540008545
0.32816120982170105,1.0610647201538086,0.5160995721817017
0.33637556433677673,1.0601853132247925,0.5162156224250793
0.3453485071659088,1.058692455291748,0.5161956548690796
0.3534921407699585,1.0576727390289307,0.5140542984008789
0.36270031332969666,1.0566093921661377,0.5138766169548035
0.37104564905166626,1.0554364919662476,0.5137866735458374
0.38038170337677,1.0531907081604004,0.5135564804077148
0.3885725438594818,1.0519676208496094,0.5127871036529541
0.3982527256011963,1.0503853559494019,0.512489378452301
0.4064207971096039,1.0488406419754028,0.5123100280761719
0.4162771999835968,1.0478452444076538,0.5120017528533936
0.42479920387268066,1.0467374324798584,0.5127161741256714
0.4343937635421753,1.0445983409881592,0.5125064253807068
0.4427434206008911,1.0437344312667847,0.5124247670173645
0.4528757929801941,1.0414057970046997,0.5122392773628235
0.4613393247127533,1.0407984256744385,0.5122185945510864
0.470838725566864,1.0382291078567505,0.5120241641998291
0.47902339696884155,1.0369482040405273,0.5119976997375488
0.4886205792427063,1.0197086334228516,0.5114600658416748
0.49697086215019226,1.0177116394042969,0.5114079117774963
0.5064440369606018,1.0148649215698242,0.51313316822052
0.5150235295295715,1.012812852859497,0.5132004618644714
0.5238439440727234,1.0108363628387451,0.5132830142974854
0.5323726534843445,1.0088151693344116,0.5133973360061646
0.5414503812789917,1.0066016912460327,0.5141103267669678
0.5491437315940857,1.0045403242111206,0.5142848491668701
0.558966338634491,1.002641201019287,0.5144144296646118
0.5666354298591614,1.0008025169372559,0.5146057605743408
0.5728292465209961,0.9983615279197693,0.5157037377357483
0.5845118761062622,0.9968714118003845,0.5158587098121643
0.590785562992096,0.9947582483291626,0.5161529779434204
0.6012502908706665,0.9933260083198547,0.5163437128067017
0.6082570552825928,0.9916356205940247,0.5166285634040833
0.6191666126251221,0.9900149703025818,0.5185432434082031
0.6242329478263855,0.9880006909370422,0.5189050436019897
0.6339510083198547,0.9865126013755798,0.5191705822944641
0.6401196718215942,0.9850270748138428,0.519512951374054
0.6507344841957092,0.9837564826011658,0.5195551514625549
0.6557762622833252,0.9822428822517395,0.5198720693588257
0.6670395135879517,0.9810892343521118,0.5200860500335693
0.673438310623169,0.9800316095352173,0.5203902721405029
0.6829187273979187,0.9790282249450684,0.5207753777503967
0.689270555973053,0.97786945104599,0.5210579037666321
0.6412600874900818,0.9811117053031921,0.5237960815429688
0.6480460166931152,0.980496346950531,0.524095892906189
0.6557290554046631,0.979810893535614,0.5244329571723938
0.662865400314331,0.9791886806488037,0.5253124237060547
0.6703788042068481,0.9786200523376465,0.5256578326225281
0.6771235466003418,0.9782393574714661,0.5259659290313721
0.6838609576225281,0.9779561758041382,0.5262557864189148
0.6895869970321655,0.9779170751571655,0.525282621383667
0.6960550546646118,0.9776712656021118,0.5254796147346497
0.7025452852249146,0.9776445031166077,0.5256339311599731
0.708923876285553,0.9774980545043945,0.5257688164710999
0.7157148718833923,0.97749924659729,0.52633136510849
0.7148246169090271,0.9874771237373352,0.5272905826568604
0.7209082245826721,0.9879974126815796,0.5274039506912231
0.7273532748222351,0.9884571433067322,0.5275419354438782
0.7335307598114014,0.9890695810317993,0.5276364088058472
0.7371987104415894,0.9903874397277832,0.5246471166610718
0.7434623837471008,0.9910769462585449,0.5245202779769897
0.7478069067001343,0.9958973526954651,0.5247579216957092
0.7536823749542236,0.9968693256378174,0.5245839357376099
0.7572852969169617,1.0001479387283325,0.5227689743041992
0.7632931470870972,1.001243233680725,0.52251797914505
0.7689704298973083,1.0023432970046997,0.522243082523346
0.7747319340705872,1.003596305847168,0.5219188332557678
0.7805447578430176,1.004625678062439,0.5220159888267517
0.8201828002929688,0.9991421699523926,0.53184574842453
0.8267002701759338,1.0001300573349,0.5319439768791199
0.8333058953285217,1.0012140274047852,0.5319845676422119
0.8365533351898193,1.0040918588638306,0.529737651348114
0.842764675617218,1.0052467584609985,0.529668390750885
0.8491952419281006,1.0063542127609253,0.5295642614364624
0.8554936647415161,1.0075045824050903,0.529443621635437
0.8588495254516602,1.0092577934265137,0.5317791700363159
0.8633506298065186,1.0112707614898682,0.5267484784126282
0.8691253662109375,1.0123873949050903,0.5264421105384827
0.8749909400939941,1.0135161876678467,0.5261182188987732
0.8804543018341064,1.014634370803833,0.5257676839828491
0.8852170705795288,1.0162602663040161,0.5212697982788086
0.8905110955238342,1.017339825630188,0.5206393599510193
0.8956724405288696,1.0184285640716553,0.5200057625770569
0.9007131457328796,1.019410490989685,0.5193800330162048
0.9053160548210144,1.0206626653671265,0.516196072101593
0.9103977680206299,1.0216749906539917,0.5154170989990234
0.9151468276977539,1.0225592851638794,0.5146559476852417
0.9194033741950989,1.0234633684158325,0.5139018893241882
0.9250875115394592,1.0243180990219116,0.5130894780158997
0.929649293422699,1.025084376335144,0.5123351812362671
0.9336724877357483,1.025912880897522,0.5116323232650757
0.9379873275756836,1.0266646146774292,0.5109483003616333
0.9379873275756836,1.0266646146774292,0.5109483003616333
0.9300662279129028,1.0290906429290771,0.5122663378715515
0.9334489703178406,1.0297560691833496,0.5117425322532654
0.9369141459465027,1.0303469896316528,0.5112733840942383
0.9400568604469299,1.030908226966858,0.5108197331428528
0.9357372522354126,1.0319868326187134,0.5108935236930847
0.9385840892791748,1.0323972702026367,0.5105704665184021
0.9410930871963501,1.03281569480896,0.5102352499961853
0.9436035752296448,1.0331507921218872,0.5099428296089172
0.9421968460083008,1.033110499382019,0.5104742646217346
0.9427962899208069,1.0338664054870605,0.5083030462265015
0.9447986483573914,1.0339761972427368,0.5080724954605103
0.9467191696166992,1.0340819358825684,0.5078746676445007
0.9485521912574768,1.034083604812622,0.5076993703842163
0.9503291845321655,1.0340240001678467,0.507703959941864
0.9491262435913086,1.0331168174743652,0.5079413056373596
0.9505141973495483,1.0329465866088867,0.507821261882782
0.9518195390701294,1.0327003002166748,0.5077152848243713
0.951709508895874,1.0329066514968872,0.5055178999900818
0.9511734247207642,1.0316357612609863,0.5055190324783325
0.9521058201789856,1.0311939716339111,0.5053220391273499
0.953050434589386,1.0306836366653442,0.5051486492156982
0.9538909196853638,1.030105471611023,0.504972517490387
0.9533063769340515,1.0288363695144653,0.5037723183631897
0.9540309906005859,1.0280002355575562,0.5035569667816162
0.9548224806785583,1.0271844863891602,0.5034059882164001
0.9554105401039124,1.026320219039917,0.5032292008399963
0.9554811716079712,1.0248864889144897,0.5022350549697876
0.9559773802757263,1.0238749980926514,0.502032458782196
0.956612765789032,1.0222522020339966,0.5017623901367188
0.9570488929748535,1.0210901498794556,0.501573383808136
0.9577586650848389,1.0196940898895264,0.5011995434761047
0.9840306639671326,1.0111852884292603,0.5122299790382385
0.9852755069732666,1.0095793008804321,0.5125047564506531
0.9857940077781677,1.0079283714294434,0.5135725736618042
0.9852216839790344,1.0070478916168213,0.5101189613342285
0.9853963851928711,1.0054792165756226,0.5109131336212158
0.9865355491638184,1.0036747455596924,0.5111122131347656
0.9869064688682556,1.002054214477539,0.5118575692176819
0.9878565073013306,1.0001705884933472,0.5120528340339661
0.98707115650177,0.9992645978927612,0.5092885494232178
0.9874163866043091,0.9972760677337646,0.5093837380409241
0.9882366061210632,0.9952612519264221,0.5094115734100342
0.9886313676834106,0.9935342669487,0.5098587274551392
0.986535370349884,0.9927940368652344,0.50627601146698
0.9872835874557495,0.9906802773475647,0.5061487555503845
0.9879629015922546,0.9885146021842957,0.506004273891449
0.9886390566825867,0.9862664937973022,0.505859375
0.9870762825012207,0.9852182865142822,0.5030086636543274
0.9877483248710632,0.9829272031784058,0.5027552247047424
0.9882591962814331,0.9805935621261597,0.5024698972702026
0.9884395003318787,0.9786052703857422,0.5023859739303589
0.9889198541641235,0.9761548638343811,0.5021253228187561
0.9887842535972595,0.9741524457931519,0.5011669993400574
0.9892098903656006,0.9715955257415771,0.5008647441864014
0.9897782802581787,0.9692984819412231,0.5005875825881958
0.9902600049972534,0.9665942192077637,0.5003208518028259
0.9919813275337219,0.9637114405632019,0.5014148950576782
0.9924686551094055,0.9608966112136841,0.5012361407279968
0.9934377670288086,0.9581669569015503,0.5009493231773376
0.9938738346099854,0.9551895260810852,0.5007762908935547
0.9950160384178162,0.952218234539032,0.5006453394889832
0.9954633116722107,0.9490743279457092,0.5004961490631104
0.9966400861740112,0.9459059834480286,0.5002079606056213
0.9971048831939697,0.9425893425941467,0.5000442862510681
0.9981868267059326,0.9393158555030823,0.4996342360973358
0.9994187951087952,0.935555100440979,0.5003390908241272
1.000698208808899,0.9320676922798157,0.500033438205719
1.0012866258621216,0.9283680319786072,0.4999534785747528
1.0025166273117065,0.924679696559906,0.49958619475364685
1.0043896436691284,0.9203425645828247,0.5011452436447144
1.026576042175293,0.9101747870445251,0.5079222321510315
1.0280176401138306,0.9057743549346924,0.5080587863922119
1.029003620147705,0.9020734429359436,0.5088464617729187
1.029494047164917,0.8978071212768555,0.5074235796928406
1.0301978588104248,0.8938236236572266,0.5080021023750305
1.0315452814102173,0.8890226483345032,0.5081774592399597
1.032299518585205,0.8845847845077515,0.5087802410125732
1.033422589302063,0.8796083927154541,0.5086629986763
1.0345641374588013,0.8745051026344299,0.5088018774986267
1.036041259765625,0.8691767454147339,0.5089857578277588
1.0371882915496826,0.8638302087783813,0.509099543094635
1.0383532047271729,0.8582980632781982,0.5091811418533325
1.0387182235717773,0.8535902500152588,0.5095242261886597
1.0397650003433228,0.8478540182113647,0.509574830532074
1.0401496887207031,0.8425125479698181,0.5098387002944946
1.0411717891693115,0.8365231156349182,0.5098952054977417
1.0432124137878418,0.8299927115440369,0.5119683742523193
1.0440824031829834,0.8237352967262268,0.5120770931243896
1.0447990894317627,0.8179520964622498,0.5122455954551697
1.0455883741378784,0.8114400506019592,0.5123264789581299
1.0461665391921997,0.8048785924911499,0.5122109651565552
1.046820044517517,0.7981224656105042,0.5122203826904297
1.047499656677246,0.7919120788574219,0.5121797919273376
1.048044204711914,0.784933865070343,0.5121161937713623
1.0487682819366455,0.7782244086265564,0.5120164155960083
1.049423098564148,0.7709750533103943,0.5122165679931641
1.049815058708191,0.7635670900344849,0.512057363986969
1.0501352548599243,0.7561465501785278,0.5119339227676392
1.0504673719406128,0.7485200762748718,0.5117568373680115
1.0511763095855713,0.7406092882156372,0.5124303102493286
1.0520603656768799,0.7332301735877991,0.5120755434036255
1.0521647930145264,0.7253297567367554,0.5118600130081177
1.0812914371490479,0.7108362913131714,0.5223824977874756
1.0815491676330566,0.7031322717666626,0.5177464485168457
1.0826247930526733,0.6945896148681641,0.5175660252571106
1.0930876731872559,0.6852423548698425,0.5225251913070679
1.0944029092788696,0.6763958930969238,0.522503674030304
1.0959625244140625,0.668313205242157,0.5181437730789185
1.0972020626068115,0.6592533588409424,0.5178236961364746
1.0983524322509766,0.6503153443336487,0.5175476670265198
1.0995324850082397,0.6410745978355408,0.5171893239021301
1.100539207458496,0.6319805383682251,0.516895592212677
1.1017632484436035,0.6230994462966919,0.5130876898765564
1.1027040481567383,0.6138702034950256,0.51254802942276
1.103456974029541,0.6042914390563965,0.5119495987892151
1.104103446006775,0.5948799252510071,0.5113941431045532
1.104844570159912,0.5851626396179199,0.5093545913696289
1.1054104566574097,0.5754061937332153,0.5086469054222107
1.0949299335479736,0.5707951188087463,0.5142380595207214
1.0948127508163452,0.5611525177955627,0.5138891935348511
1.0861449241638184,0.5538373589515686,0.5125423669815063
1.085445523262024,0.5442001819610596,0.5121514201164246
1.0798591375350952,0.5357523560523987,0.5138985514640808
1.078755497932434,0.5260365009307861,0.5136592984199524
1.0775935649871826,0.5163884162902832,0.513534665107727
1.074156641960144,0.5071978569030762,0.5094039440155029
1.067988395690918,0.4991254210472107,0.5107429623603821
1.0661594867706299,0.48944801092147827,0.5104663968086243
1.0611200332641602,0.4810073673725128,0.5115651488304138
1.0555366277694702,0.47210076451301575,0.5063230991363525
1.0506343841552734,0.46370774507522583,0.5067678689956665
1.0481035709381104,0.45413365960121155,0.5064173340797424
1.0438519716262817,0.445700079202652,0.5069804787635803
1.041122317314148,0.43618685007095337,0.5067422389984131
1.0346392393112183,0.42818260192871094,0.5038507580757141
1.0316756963729858,0.41875457763671875,0.5035127401351929
1.0278429985046387,0.41043412685394287,0.5036534070968628
1.02423894405365,0.402079701423645,0.5035867691040039
1.0185047388076782,0.39328932762145996,0.4999607801437378
1.015296459197998,0.3840593099594116,0.4995666444301605
1.0119900703430176,0.3759496212005615,0.49951061606407166
1.0086473226547241,0.36779433488845825,0.49932003021240234
1.0041505098342896,0.35901424288749695,0.4972565472126007
1.0009324550628662,0.3500469923019409,0.496915340423584
0.9979709982872009,0.3421994745731354,0.496722936630249
0.9951171278953552,0.33438828587532043,0.4963904023170471
0.9918686747550964,0.32574713230133057,0.4958009421825409
0.9884921312332153,0.3162054121494293,0.49551472067832947
0.9857580661773682,0.30770033597946167,0.49541395902633667
0.9828738570213318,0.2991577684879303,0.4952298402786255
0.9802687764167786,0.29080280661582947,0.4951833486557007
0.9795560836791992,0.2852836847305298,0.49542737007141113
1.005551815032959,0.2735539376735687,0.5068305134773254
1.0036044120788574,0.2676919996738434,0.5080360770225525
1.0022989511489868,0.25974714756011963,0.5084253549575806
0.9981634616851807,0.25415223836898804,0.5048931241035461
0.9969788193702698,0.24647971987724304,0.5050860047340393
0.9953872561454773,0.2406012862920761,0.5058607459068298
0.9943343997001648,0.23323747515678406,0.5061069130897522
0.9916714429855347,0.22754652798175812,0.5046404004096985
0.9909172058105469,0.2204543799161911,0.504852831363678
0.990164577960968,0.2134612798690796,0.5050435662269592
0.9891434907913208,0.2078372985124588,0.5055838823318481
0.988540768623352,0.20110072195529938,0.5058121681213379
0.9868389964103699,0.1956488937139511,0.5048989057540894
0.986335813999176,0.1891680508852005,0.5050443410873413
0.9858886003494263,0.18378031253814697,0.5053091645240784
0.985526978969574,0.17754919826984406,0.5054214596748352
0.9851499199867249,0.1723463386297226,0.5053603053092957
0.9849250912666321,0.166368305683136,0.505445659160614
0.9850133657455444,0.16136537492275238,0.5054863691329956
0.9849604368209839,0.15567126870155334,0.5055482387542725
0.984966516494751,0.15008871257305145,0.5057033896446228
0.9850047826766968,0.14457930624485016,0.5056930780410767
0.9859359860420227,0.14041002094745636,0.5054795742034912
0.986122727394104,0.13517791032791138,0.5054082870483398
0.9865986108779907,0.13099995255470276,0.5043472051620483
0.9868984222412109,0.12603043019771576,0.5041866898536682
0.9879840612411499,0.1219882220029831,0.5038328766822815
0.9884042143821716,0.11727635562419891,0.5036462545394897
0.9896532297134399,0.11333310604095459,0.503251314163208
0.9918392896652222,0.10879001021385193,0.5051518678665161
0.9933814406394958,0.10488175600767136,0.5048315525054932
0.9940886497497559,0.10065311193466187,0.5047422051429749
0.9956420660018921,0.09692056477069855,0.5043870806694031
0.9975147843360901,0.09287543594837189,0.5056657195091248
0.9993740320205688,0.08932195603847504,0.5054876804351807
1.0003122091293335,0.08554936200380325,0.5054881572723389
1.0020947456359863,0.08220455050468445,0.5052393674850464
1.0031031370162964,0.07864852249622345,0.5052140951156616
1.0082951784133911,0.07539151608943939,0.5089878439903259
1.0094774961471558,0.07204905897378922,0.5091572403907776
1.0117517709732056,0.06922812014818192,0.5090345144271851
1.0129926204681396,0.06610545516014099,0.5091578364372253
1.0156400203704834,0.06321856379508972,0.5096936225891113
1.0169297456741333,0.06029108911752701,0.5098277926445007
1.0462044477462769,0.05533621832728386,0.5239538550376892
1.0486136674880981,0.05250270664691925,0.5245965123176575
1.0476692914962769,0.05057506635785103,0.5209522843360901
1.049940824508667,0.04794596508145332,0.5213249921798706
1.0511950254440308,0.04586320370435715,0.5222776532173157
1.0533806085586548,0.043423354625701904,0.522655725479126
1.0759254693984985,0.040573325008153915,0.5329610109329224
1.0789463520050049,0.038276102393865585,0.5336478352546692
1.0804548263549805,0.03609352186322212,0.5357853174209595
1.0833057165145874,0.03394478186964989,0.5365003943443298
1.0848612785339355,0.03198830410838127,0.5387157201766968
1.085822582244873,0.03002558834850788,0.533776581287384
1.0865757465362549,0.02801368571817875,0.5356895923614502
1.0889204740524292,0.02615051344037056,0.5360509753227234
1.089493751525879,0.024407941848039627,0.5379535555839539
1.0893359184265137,0.022700995206832886,0.5328656435012817
1.0890710353851318,0.020909402519464493,0.5341872572898865
1.0906935930252075,0.01929219253361225,0.5341053605079651
1.0902795791625977,0.017518388107419014,0.5353693962097168
1.088730812072754,0.016048381105065346,0.5298299789428711
1.0873907804489136,0.014366750605404377,0.5304425954818726
1.0882102251052856,0.012941809371113777,0.5299320816993713
1.0887603759765625,0.011565457098186016,0.5292970538139343
1.0892423391342163,0.010257318615913391,0.5286135077476501
1.0840989351272583,0.00839777011424303,0.5246427655220032
1.0840463638305664,0.007160150445997715,0.5236884355545044
1.0813367366790771,0.005375592038035393,0.523813784122467
1.0808638334274292,0.004210593644529581,0.5228598713874817
1.0742629766464233,0.0025927331298589706,0.5171024799346924
1.073240876197815,0.001501849270425737,0.5158645510673523
1.0700780153274536,-4.4867967517348006e-05,0.5154740214347839
1.0672672986984253,-0.0015749229351058602,0.5150575041770935
1.0632505416870117,-0.002527716336771846,0.5107330679893494
1.059938669204712,-0.003955478314310312,0.509950578212738
1.0579787492752075,-0.004872302524745464,0.5087646842002869
1.054438829421997,-0.006360684055835009,0.5079073905944824
1.048574686050415,-0.007165055256336927,0.5023218393325806
1.0447410345077515,-0.00873411912471056,0.5014032125473022
1.0419011116027832,-0.00952771957963705,0.5001479983329773
1.0379124879837036,-0.010975009761750698,0.49932488799095154
1.0348981618881226,-0.011721555143594742,0.49826720356941223
1.0277819633483887,-0.013098527677357197,0.4940407872200012
1.0488089323043823,-0.014563074335455894,0.5066093802452087
1.044942855834961,-0.015856517478823662,0.5072936415672302
1.0421388149261475,-0.016495078802108765,0.50696861743927
1.0360729694366455,-0.017659692093729973,0.5022485256195068
1.0328848361968994,-0.018247339874505997,0.5017935633659363
1.0283817052841187,-0.019319700077176094,0.5026231408119202
1.025101661682129,-0.019846351817250252,0.5024684071540833
1.0178159475326538,-0.020943839102983475,0.49785810708999634
1.0142539739608765,-0.021408112719655037,0.4975813627243042
1.0104477405548096,-0.021839560940861702,0.49728167057037354
1.0066763162612915,-0.02223789691925049,0.4970598816871643
1.002790093421936,-0.02260219305753708,0.4968525171279907
0.9942856431007385,-0.02398286946117878,0.4927724301815033
0.9883179068565369,-0.025077687576413155,0.49370676279067993
0.9838561415672302,-0.025436198338866234,0.49350759387016296
0.9793564081192017,-0.02574196271598339,0.49337220191955566
0.9727909564971924,-0.02603231370449066,0.4894154667854309
0.9682620167732239,-0.026309821754693985,0.489176481962204
0.9634062051773071,-0.02653125487267971,0.4888823926448822
0.9588396549224854,-0.026713935658335686,0.48873862624168396
0.9532605409622192,-0.02684386447072029,0.48682984709739685
0.9485657811164856,-0.02700250782072544,0.4866192638874054
0.9434219598770142,-0.02704186737537384,0.4863619804382324
0.9386035799980164,-0.027084287256002426,0.4862321615219116
0.9334158897399902,-0.027123842388391495,0.4853247106075287
0.9282163381576538,-0.027128683403134346,0.4851897954940796
0.9538031816482544,-0.024454068392515182,0.49429237842559814
0.9498509168624878,-0.024251814931631088,0.4946057200431824
0.9456624984741211,-0.024094896391034126,0.4949529469013214
0.942059338092804,-0.023375362157821655,0.4929141104221344
0.9379645586013794,-0.02306336723268032,0.4931985139846802
0.9336972236633301,-0.022769274190068245,0.4935098886489868
0.933559238910675,-0.017130546271800995,0.49773305654525757
0.9305260181427002,-0.015070312656462193,0.4950934648513794
0.9260324835777283,-0.014236198738217354,0.49556997418403625
0.9218766689300537,-0.013453171588480473,0.49600908160209656
0.9176198244094849,-0.012723155319690704,0.49644336104393005
0.9006167650222778,-0.035545460879802704,0.5050697922706604
0.8957204222679138,-0.03571684658527374,0.5059084892272949
0.8907071948051453,-0.035947494208812714,0.5067463517189026
0.8853821754455566,-0.03614271432161331,0.5074993371963501
0.8801043629646301,-0.03635063394904137,0.5082878470420837
0.8746095299720764,-0.03646574169397354,0.506100058555603
0.8691730499267578,-0.0366525873541832,0.5066644549369812
0.8634584546089172,-0.03683498129248619,0.5071386694908142
0.8577253222465515,-0.03714131563901901,0.507599949836731
0.8520326614379883,-0.03731044381856918,0.5064805150032043
0.8348895907402039,-0.043614815920591354,0.5121926069259644
0.828091025352478,-0.0440785214304924,0.51268470287323
0.8157796263694763,-0.04597637057304382,0.5163015723228455
0.8067209720611572,-0.046468354761600494,0.5130046606063843
0.7953048348426819,-0.04767260700464249,0.5148959159851074
0.7878371477127075,-0.04814326763153076,0.5153641104698181
0.7800459265708923,-0.04859691113233566,0.5156893730163574
0.7666398286819458,-0.0495053306221962,0.5128735303878784
0.7551670670509338,-0.05046485364437103,0.5138313174247742
0.7471182942390442,-0.0508681982755661,0.514113187789917
0.7362601161003113,-0.05162039026618004,0.514837384223938
0.7277950048446655,-0.051988616585731506,0.5150827169418335
0.7126460075378418,-0.052573151886463165,0.5108669400215149
0.7037529349327087,-0.05285092815756798,0.510783851146698
0.6936293244361877,-0.053284745663404465,0.5108659267425537
0.6845549941062927,-0.053508032113313675,0.5108047723770142
0.6716504096984863,-0.053788114339113235,0.5068389177322388
0.6621642112731934,-0.05391000583767891,0.5064429044723511
0.6522522568702698,-0.05407524108886719,0.5059387683868408
0.6428378224372864,-0.05408921465277672,0.5056567788124084
0.6320422291755676,-0.053980883210897446,0.5031136274337769
0.6219450235366821,-0.05391841381788254,0.5024713277816772
0.6130596995353699,-0.05367235839366913,0.5019242167472839
0.6028235554695129,-0.053486168384552,0.5012684464454651
0.5941809415817261,-0.05313626676797867,0.5006828308105469
0.6087442636489868,-0.055846188217401505,0.5051525235176086
0.5995681285858154,-0.05456841364502907,0.5055661797523499
0.5904392600059509,-0.05425725877285004,0.5051757097244263
0.5812906622886658,-0.053070973604917526,0.5055960416793823
0.5824743509292603,-0.054491329938173294,0.5049306154251099
0.5735976099967957,-0.05289968475699425,0.5058633685112
0.5769352912902832,-0.05222689360380173,0.5121880769729614
0.5684037208557129,-0.05099469795823097,0.5136817693710327
0.5716921091079712,-0.04838046059012413,0.518126904964447
0.5633634328842163,-0.04780149087309837,0.519730269908905
0.5613642930984497,-0.04589764028787613,0.5249506235122681
0.5540313720703125,-0.045024871826171875,0.5256521701812744
0.5466666221618652,-0.04410843923687935,0.5263504385948181
0.5379855036735535,-0.043363332748413086,0.5213503241539001
0.5305744409561157,-0.04239189997315407,0.5216837525367737
0.5231701731681824,-0.04140914976596832,0.522000253200531
0.5157323479652405,-0.040407903492450714,0.5222857594490051
0.5079938173294067,-0.03924182802438736,0.5163492560386658
0.5069461464881897,-0.03587569668889046,0.5214129686355591
0.49789631366729736,-0.036777038127183914,0.5243873000144958
0.49060097336769104,-0.03566717356443405,0.5246431827545166
0.483370840549469,-0.03428582102060318,0.5192837119102478
0.4793228507041931,-0.031138207763433456,0.5228589773178101
0.47219008207321167,-0.029932869598269463,0.5228845477104187
0.46631094813346863,-0.026785247027873993,0.5258461833000183
0.45767322182655334,-0.028786981478333473,0.5229976177215576
0.4513889253139496,-0.026252705603837967,0.5252296328544617
0.44405117630958557,-0.024965208023786545,0.5251824259757996
0.4371415674686432,-0.022389784455299377,0.5272102952003479
0.42792439460754395,-0.025176795199513435,0.5304895043373108
0.42088666558265686,-0.023243919014930725,0.5245115160942078
0.413418710231781,-0.022106604650616646,0.5242726802825928
0.4062931537628174,-0.01972653716802597,0.5262596607208252
0.3987239897251129,-0.0185485128313303,0.5260856747627258
0.39192765951156616,-0.01625009998679161,0.5191834568977356
0.38155779242515564,-0.020621897652745247,0.5223446488380432
0.37380874156951904,-0.019785787910223007,0.5218691825866699
0.3640446066856384,-0.02170685864984989,0.5243913531303406
0.35725677013397217,-0.01948537863790989,0.5211710929870605
0.34929320216178894,-0.018775606527924538,0.5205861330032349
0.3413953185081482,-0.01811019703745842,0.5200239419937134
0.3314730226993561,-0.020495882257819176,0.5224005579948425
0.32343295216560364,-0.02002188004553318,0.5219974517822266
0.31497660279273987,-0.0193304643034935,0.5153371691703796
0.3069019615650177,-0.018909253180027008,0.5145135521888733
0.29870474338531494,-0.018483394756913185,0.5136552453041077
0.29317331314086914,-0.016144918277859688,0.5171941518783569
0.28557008504867554,-0.014912803657352924,0.510111927986145
0.2776239216327667,-0.014457400888204575,0.5091732144355774
0.2664926052093506,-0.019330915063619614,0.5126070976257324
0.2584887146949768,-0.019180241972208023,0.5119984149932861
0.24748125672340393,-0.021467631682753563,0.5094435214996338
0.24358364939689636,-0.019964003935456276,0.5127767324447632
0.23401744663715363,-0.022096700966358185,0.5149405598640442
0.22610153257846832,-0.02217404730618,0.5147170424461365
0.21691365540027618,-0.02381434105336666,0.516861081123352
0.2081347554922104,-0.023780351504683495,0.5107060074806213
0.20033742487430573,-0.023976489901542664,0.5103247165679932
0.19236122071743011,-0.024224653840065002,0.50990229845047
0.18294435739517212,-0.02566615678369999,0.5122016072273254
0.17405886948108673,-0.025905074551701546,0.5070759057998657
0.1646101176738739,-0.026951737701892853,0.5087246894836426
0.15678824484348297,-0.02728431113064289,0.5084043145179749
