Frame,Sub Frame,"Position - cf14",,
,,"TX","TY","TZ"
Frames,Frames,"mm","mm","mm"
1,0,"11.8916","23.2671","11.8218"
2,0,"11.9047","23.2707","11.7961"
3,0,"11.9018","23.2855","11.8098"
4,0,"11.9044","23.299","11.811"
5,0,"11.914","23.293","11.8264"
6,0,"11.8974","23.2899","11.8685"
7,0,"11.898","23.2847","11.8743"
8,0,"11.902","23.2908","11.8765"
9,0,"11.8852","23.2734","11.8568"
10,0,"11.8914","23.2713","11.8376"
11,0,"11.895","23.2891","11.8165"
12,0,"11.894","23.2813","11.8047"
13,0,"11.8938","23.2776","11.7987"
14,0,"11.9059","23.2727","11.806"
15,0,"11.9025","23.2706","11.8368"
16,0,"11.9224","23.2913","11.8504"
17,0,"11.9061","23.2988","11.8652"
18,0,"11.9032","23.3101","11.8481"
19,0,"11.9115","23.3123","11.8418"
20,0,"11.9012","23.3045","11.8277"
21,0,"11.8884","23.2869","11.8329"
22,0,"11.8821","23.2595","11.8221"
23,0,"11.8717","23.2796","11.8308"
24,0,"11.8906","23.2756","11.8407"
25,0,"11.9054","23.2589","11.8372"
26,0,"11.9152","23.2709","11.8295"
27,0,"11.8966","23.2835","11.8635"
28,0,"11.8953","23.3213","11.8944"
29,0,"11.904","23.3412","11.901"
30,0,"11.9098","23.3451","11.8676"
31,0,"11.9228","23.3271","11.8545"
32,0,"11.9203","23.3115","11.837"
33,0,"11.9094","23.2814","11.8144"
34,0,"11.8878","23.2381","11.8144"
35,0,"11.8992","23.2442","11.8254"
36,0,"11.8776","23.2671","11.8521"
37,0,"11.8972","23.2773","11.8459"
38,0,"11.8988","23.2864","11.8283"
39,0,"11.8905","23.3037","11.8466"
40,0,"11.9031","23.3196","11.8295"
41,0,"11.908","23.3373","11.8504"
42,0,"11.9205","23.3443","11.8889"
43,0,"11.9159","23.3413","11.8981"
44,0,"11.9038","23.3237","11.9226"
45,0,"11.8957","23.2901","11.884"
46,0,"11.8895","23.2608","11.8445"
47,0,"11.8786","23.259","11.8095"
48,0,"11.8954","23.2405","11.7764"
49,0,"11.9218","23.2564","11.7842"
50,0,"11.9062","23.2601","11.7781"
51,0,"11.9223","23.2504","11.8013"
52,0,"11.8993","23.271","11.8034"
53,0,"11.8939","23.2882","11.8436"
54,0,"11.8913","23.2819","11.8685"
55,0,"11.8895","23.3113","11.8837"
56,0,"11.8941","23.3158","11.8949"
57,0,"11.8879","23.317","11.8673"
58,0,"11.8863","23.3179","11.836"
59,0,"11.8904","23.2964","11.8134"
60,0,"11.8916","23.2772","11.813"
61,0,"11.8884","23.2767","11.8325"
62,0,"11.8824","23.247","11.8005"
63,0,"11.9155","23.2399","11.8072"
64,0,"11.8931","23.2583","11.8153"
65,0,"11.8989","23.276","11.823"
66,0,"11.8998","23.2822","11.824"
67,0,"11.8892","23.3237","11.8388"
68,0,"11.8921","23.3301","11.8815"
69,0,"11.8847","23.343","11.8839"
70,0,"11.8926","23.3218","11.8661"
71,0,"11.8846","23.2972","11.8451"
72,0,"11.8919","23.29","11.8626"
73,0,"11.8763","23.2546","11.8458"
74,0,"11.8933","23.2526","11.7936"
75,0,"11.8876","23.2555","11.7866"
76,0,"11.8891","23.2623","11.7872"
77,0,"11.8956","23.2826","11.7966"
78,0,"11.8994","23.3043","11.8452"
79,0,"11.9186","23.2975","11.8732"
80,0,"11.9078","23.3186","11.9072"
81,0,"11.9088","23.3207","11.92"
82,0,"11.8988","23.303","11.8873"
83,0,"11.8991","23.3131","11.8616"
84,0,"11.908","23.282","11.8464"
85,0,"11.9143","23.2709","11.8239"
86,0,"11.9072","23.2611","11.795"
87,0,"11.8978","23.2576","11.7881"
88,0,"11.9039","23.2837","11.8075"
89,0,"11.9113","23.2987","11.8481"
90,0,"11.8968","23.3073","11.8723"
91,0,"11.8985","23.2957","11.8969"
92,0,"11.8943","23.2915","11.8863"
93,0,"11.9042","23.2863","11.8716"
94,0,"11.9115","23.2823","11.8481"
95,0,"11.9314","23.2817","11.8333"
96,0,"11.9198","23.2954","11.8327"
97,0,"11.9235","23.2955","11.8418"
98,0,"11.9183","23.2963","11.8319"
99,0,"11.9119","23.2955","11.8298"
100,0,"11.9024","23.3067","11.8253"
101,0,"11.8847","23.3036","11.8673"
102,0,"11.8935","23.3037","11.8833"
103,0,"11.8858","23.2996","11.8816"
104,0,"11.8881","23.2919","11.8613"
105,0,"11.884","23.2809","11.8242"
106,0,"11.884","23.2648","11.8023"
107,0,"11.9034","23.2592","11.7816"
108,0,"11.9015","23.262","11.788"
109,0,"11.8882","23.2611","11.8179"
110,0,"11.883","23.2638","11.8297"
111,0,"11.8976","23.2894","11.8423"
112,0,"11.8946","23.3095","11.8476"
113,0,"11.8719","23.3259","11.8744"
114,0,"11.848","23.2912","11.8286"
115,0,"11.8821","23.3021","11.8327"
116,0,"11.8707","23.2646","11.7808"
117,0,"11.8672","23.2612","11.7511"
118,0,"11.9002","23.2725","11.7642"
119,0,"11.891","23.276","11.7856"
120,0,"11.8653","23.2491","11.7918"
121,0,"11.8696","23.2611","11.8469"
122,0,"11.8568","23.2569","11.8263"
123,0,"11.8342","23.2367","11.8147"
124,0,"11.8221","23.2381","11.8405"
125,0,"11.7831","23.2202","11.8116"
126,0,"11.8108","23.2369","11.8487"
127,0,"11.7784","23.2759","11.8573"
128,0,"11.7343","23.2873","11.8897"
129,0,"11.6679","23.3319","11.8709"
130,0,"11.6377","23.3535","11.8703"
131,0,"11.6","23.3877","11.8636"
132,0,"11.5724","23.4747","11.8713"
133,0,"11.5249","23.5838","11.8894"
134,0,"11.4882","23.7139","11.8815"
135,0,"11.4534","23.8488","11.8744"
136,0,"11.4284","23.9779","11.8675"
137,0,"11.3837","24.1057","11.8768"
138,0,"11.3467","24.2686","11.8255"
139,0,"11.2897","24.4347","11.9149"
140,0,"11.2167","24.5967","11.9456"
141,0,"11.1938","24.7462","11.9446"
142,0,"11.1743","24.8596","11.9895"
143,0,"11.1278","25.0363","11.9164"
144,0,"11.0883","25.2005","11.8323"
145,0,"10.9965","25.3352","11.8977"
146,0,"10.9351","25.4733","11.8789"
147,0,"10.8333","25.6409","11.8316"
148,0,"10.7489","25.7799","11.8236"
149,0,"10.6887","25.9538","11.894"
150,0,"10.6404","26.1478","11.8926"
151,0,"10.5681","26.3164","11.9061"
152,0,"10.4928","26.4889","11.9108"
153,0,"10.4105","26.6643","11.9145"
154,0,"10.338","26.8019","11.9723"
155,0,"10.2857","26.9321","11.9091"
156,0,"10.2369","27.0621","11.8956"
157,0,"10.2064","27.1645","11.8305"
158,0,"10.1553","27.3378","11.9091"
159,0,"10.0749","27.4824","11.9057"
160,0,"10.0007","27.6697","11.8398"
161,0,"9.93124","27.8551","11.881"
162,0,"9.89333","28.046","11.856"
163,0,"9.82119","28.2292","11.9014"
164,0,"9.79533","28.4217","11.9156"
165,0,"9.73841","28.6182","11.8597"
166,0,"9.67116","28.7542","11.9232"
167,0,"9.62013","28.9505","11.9798"
168,0,"9.6039","29.0907","11.9582"
169,0,"9.56037","29.2821","11.9195"
170,0,"9.53952","29.4382","11.8799"
171,0,"9.4905","29.6557","11.8631"
172,0,"9.49389","29.8112","11.9218"
173,0,"9.48253","30.0166","11.9444"
174,0,"9.47476","30.1545","11.9171"
175,0,"9.49037","30.3348","11.9045"
176,0,"9.50785","30.4714","11.9233"
177,0,"9.53898","30.6661","11.9841"
178,0,"9.5677","30.831","12.0168"
179,0,"9.56719","31.0154","11.9903"
180,0,"9.57769","31.228","11.9136"
181,0,"9.58505","31.4364","11.9147"
182,0,"9.6178","31.6206","11.912"
183,0,"9.64431","31.7503","11.9311"
184,0,"9.67143","31.8923","12.007"
185,0,"9.67588","32.0804","12.1104"
186,0,"9.71998","32.2075","12.1161"
187,0,"9.75028","32.3771","12.1849"
188,0,"9.76465","32.5933","12.3013"
189,0,"9.78289","32.7759","12.4437"
190,0,"9.80663","33.0101","12.6229"
191,0,"9.84862","33.1551","12.8004"
192,0,"9.89079","33.3258","13.0545"
193,0,"9.94533","33.4819","13.3677"
194,0,"10.0045","33.6557","13.73"
195,0,"10.0896","33.7867","14.144"
196,0,"10.1706","33.9376","14.6758"
197,0,"10.3363","34.0656","15.2461"
198,0,"10.4856","34.2458","15.8391"
199,0,"10.6043","34.3418","16.4523"
200,0,"10.7514","34.4409","17.1073"
201,0,"10.9441","34.5553","17.8696"
202,0,"11.1593","34.6371","18.7844"
203,0,"11.4015","34.7769","19.792"
204,0,"11.6206","34.8245","20.8687"
205,0,"11.8739","34.9852","22.1256"
206,0,"12.1922","35.0529","23.4028"
207,0,"12.4441","35.1745","24.8033"
208,0,"12.7546","35.1956","26.2311"
209,0,"13.08","35.2882","27.8147"
210,0,"13.3849","35.3729","29.4872"
211,0,"13.7023","35.3909","31.2121"
212,0,"14.075","35.4759","32.9883"
213,0,"14.4346","35.4934","34.8259"
214,0,"14.8101","35.4771","36.7057"
215,0,"15.2185","35.4883","38.6639"
216,0,"15.5658","35.4446","40.705"
217,0,"15.9671","35.4259","42.8881"
218,0,"16.3355","35.4523","45.1628"
219,0,"16.7585","35.4179","47.5133"
220,0,"17.1375","35.3552","49.8944"
221,0,"17.5524","35.3338","52.4164"
222,0,"18.0075","35.3317","54.9969"
223,0,"18.3895","35.3147","57.6838"
224,0,"18.8138","35.2571","60.3902"
225,0,"19.3014","35.1991","63.1462"
226,0,"19.7342","35.1708","65.9975"
227,0,"20.1509","35.1233","68.8785"
228,0,"20.6248","35.0376","71.8305"
229,0,"21.0482","34.9716","74.8161"
230,0,"21.4954","34.9366","77.8789"
231,0,"21.9526","34.8598","80.973"
232,0,"22.4382","34.822","84.1289"
233,0,"22.8907","34.7512","87.2884"
234,0,"23.3569","34.6442","90.5366"
235,0,"23.7895","34.6094","93.8486"
236,0,"24.2351","34.5214","97.1653"
237,0,"24.6931","34.4147","100.547"
238,0,"25.1349","34.3672","104.047"
239,0,"25.6009","34.3003","107.558"
240,0,"26.0583","34.1686","111.046"
241,0,"26.5467","34.1098","114.611"
242,0,"27.0278","34.0316","118.255"
243,0,"27.4706","33.9025","121.866"
244,0,"27.976","33.8415","125.551"
245,0,"28.3983","33.7637","129.292"
246,0,"28.8281","33.5974","132.997"
247,0,"29.2837","33.5138","136.745"
248,0,"29.7429","33.4106","140.482"
249,0,"30.1906","33.2447","144.207"
250,0,"30.6243","33.1398","148.027"
251,0,"31.074","33.0418","151.862"
252,0,"31.4837","32.8793","155.685"
253,0,"31.9082","32.7865","159.587"
254,0,"32.3267","32.6734","163.5"
255,0,"32.7404","32.5438","167.392"
256,0,"33.1044","32.4439","171.311"
257,0,"33.5013","32.3092","175.225"
258,0,"33.8708","32.1289","179.113"
259,0,"34.2758","32.0293","183.012"
260,0,"34.6568","31.8536","186.896"
261,0,"34.9944","31.7046","190.802"
262,0,"35.3946","31.5558","194.742"
263,0,"35.7073","31.4458","198.713"
264,0,"36.0255","31.2733","202.662"
265,0,"36.3557","31.1628","206.652"
266,0,"36.654","31.0368","210.636"
267,0,"36.9265","30.9061","214.62"
268,0,"37.2344","30.7686","218.623"
269,0,"37.5313","30.654","222.567"
270,0,"37.812","30.4824","226.434"
271,0,"38.0738","30.3372","230.37"
272,0,"38.3035","30.161","234.248"
273,0,"38.5165","29.9713","238.091"
274,0,"38.7523","29.8332","241.975"
275,0,"38.947","29.7124","245.83"
276,0,"39.1234","29.5598","249.658"
277,0,"39.3274","29.4351","253.43"
278,0,"39.5094","29.3191","257.197"
279,0,"39.6954","29.2214","260.952"
280,0,"39.8409","29.0728","264.645"
281,0,"39.9882","28.9875","268.34"
282,0,"40.0782","28.8593","271.952"
283,0,"40.1947","28.6923","275.511"
284,0,"40.2782","28.5608","279.026"
285,0,"40.3378","28.4207","282.511"
286,0,"40.4363","28.3193","285.971"
287,0,"40.4726","28.2112","289.404"
288,0,"40.5626","28.0954","292.795"
289,0,"40.5877","28.0226","296.199"
290,0,"40.6454","27.8864","299.527"
291,0,"40.6273","27.8142","302.83"
292,0,"40.6506","27.6937","306.015"
293,0,"40.6467","27.622","309.205"
294,0,"40.6508","27.5656","312.302"
295,0,"40.6175","27.5119","315.41"
296,0,"40.6253","27.4506","318.437"
297,0,"40.5824","27.3988","321.452"
298,0,"40.5089","27.3048","324.428"
299,0,"40.4469","27.2373","327.359"
300,0,"40.3755","27.1421","330.265"
301,0,"40.3036","27.1041","333.155"
302,0,"40.2264","27.0254","335.989"
303,0,"40.1299","27.0241","338.801"
304,0,"40.0508","26.956","341.547"
305,0,"39.9689","26.9182","344.287"
306,0,"39.8709","26.8438","346.949"
307,0,"39.7508","26.7713","349.623"
308,0,"39.6162","26.7361","352.284"
309,0,"39.4572","26.6642","354.932"
310,0,"39.3385","26.6114","357.51"
311,0,"39.2161","26.5862","360.044"
312,0,"39.056","26.5482","362.539"
313,0,"38.9099","26.4915","364.961"
314,0,"38.7663","26.4621","367.34"
315,0,"38.6308","26.3913","369.667"
316,0,"38.4579","26.3783","372.045"
317,0,"38.3204","26.3376","374.318"
318,0,"38.1619","26.3286","376.616"
319,0,"37.9607","26.2571","378.818"
320,0,"37.7564","26.2571","381.036"
321,0,"37.5651","26.2237","383.178"
322,0,"37.3945","26.2233","385.283"
323,0,"37.2014","26.1944","387.35"
324,0,"37.0082","26.1972","389.382"
325,0,"36.8255","26.1505","391.318"
326,0,"36.6485","26.1384","393.209"
327,0,"36.4282","26.1244","395.16"
328,0,"36.2373","26.1118","397.051"
329,0,"36.0464","26.1431","398.96"
330,0,"35.8663","26.155","400.844"
331,0,"35.6265","26.1557","402.676"
332,0,"35.4488","26.1424","404.4"
333,0,"35.2489","26.1097","406.05"
334,0,"35.0277","26.1236","407.719"
335,0,"34.826","26.0605","409.354"
336,0,"34.6248","26.1118","411.033"
337,0,"34.4199","26.1014","412.667"
338,0,"34.1821","26.1399","414.306"
339,0,"33.9907","26.1459","415.898"
340,0,"33.7891","26.1408","417.466"
341,0,"33.5667","26.1281","418.969"
342,0,"33.3456","26.1077","420.435"
343,0,"33.1248","26.1065","421.919"
344,0,"32.9474","26.0993","423.349"
345,0,"32.6997","26.1433","424.808"
346,0,"32.5273","26.1264","426.202"
347,0,"32.303","26.1443","427.612"
348,0,"32.1151","26.1645","429.008"
349,0,"31.8995","26.1903","430.383"
350,0,"31.702","26.2441","431.715"
351,0,"31.5069","26.2616","433.024"
352,0,"31.2973","26.2946","434.357"
353,0,"31.0632","26.2902","435.647"
354,0,"30.8607","26.3115","436.895"
355,0,"30.6314","26.303","438.126"
356,0,"30.4224","26.3081","439.339"
357,0,"30.1978","26.3486","440.568"
358,0,"29.9984","26.3481","441.717"
359,0,"29.7783","26.3442","442.891"
360,0,"29.5671","26.3639","444.089"
361,0,"29.3565","26.3812","445.258"
362,0,"29.1447","26.4337","446.422"
363,0,"28.9412","26.4393","447.606"
364,0,"28.7521","26.473","448.771"
365,0,"28.5598","26.4616","449.892"
366,0,"28.3271","26.4657","450.983"
367,0,"28.0991","26.4624","452.081"
368,0,"27.8915","26.443","453.12"
369,0,"27.6975","26.4327","454.184"
370,0,"27.5009","26.4271","455.261"
371,0,"27.2744","26.4494","456.363"
372,0,"27.0867","26.4508","457.401"
373,0,"26.8728","26.4703","458.461"
374,0,"26.6944","26.4634","459.49"
375,0,"26.477","26.4664","460.515"
376,0,"26.2859","26.4779","461.536"
377,0,"26.0553","26.4864","462.584"
378,0,"25.8404","26.4493","463.528"
379,0,"25.6408","26.4325","464.477"
380,0,"25.4024","26.4142","465.437"
381,0,"25.228","26.4188","466.364"
382,0,"24.9983","26.4455","467.339"
383,0,"24.8266","26.419","468.246"
384,0,"24.6003","26.4627","469.188"
385,0,"24.433","26.4575","470.114"
386,0,"24.2216","26.4775","471.045"
387,0,"23.9978","26.4504","471.945"
388,0,"23.8237","26.4371","472.819"
389,0,"23.549","26.4297","473.697"
390,0,"23.351","26.4205","474.529"
391,0,"23.1356","26.4584","475.39"
392,0,"22.9189","26.4218","476.178"
393,0,"22.7267","26.4556","477.021"
394,0,"22.5068","26.4321","477.828"
395,0,"22.2625","26.3838","478.613"
396,0,"22.0804","26.4217","479.399"
397,0,"21.864","26.4348","480.169"
398,0,"21.672","26.4715","480.94"
399,0,"21.4372","26.4804","481.709"
400,0,"21.2239","26.5068","482.435"
401,0,"20.9885","26.5242","483.175"
402,0,"20.7276","26.5082","483.929"
403,0,"20.5124","26.5084","484.614"
404,0,"20.2266","26.4783","485.332"
405,0,"20.0132","26.4303","485.969"
406,0,"19.7495","26.4313","486.632"
407,0,"19.5376","26.3871","487.233"
408,0,"19.3026","26.3971","487.893"
409,0,"19.074","26.4239","488.556"
410,0,"18.8566","26.4782","489.236"
411,0,"18.6346","26.4879","489.897"
412,0,"18.3855","26.5511","490.581"
413,0,"18.1524","26.5472","491.214"
414,0,"17.9289","26.6119","491.853"
415,0,"17.7065","26.6335","492.465"
416,0,"17.5018","26.642","493.039"
417,0,"17.2904","26.7088","493.665"
418,0,"17.1057","26.7285","494.205"
419,0,"16.8847","26.8008","494.799"
420,0,"16.695","26.8483","495.362"
421,0,"16.4938","26.9334","495.952"
422,0,"16.2977","26.9896","496.549"
423,0,"16.0798","27.0964","497.181"
424,0,"15.8601","27.146","497.797"
425,0,"15.6482","27.2547","498.418"
426,0,"15.4421","27.2959","498.997"
427,0,"15.2468","27.3388","499.528"
428,0,"15.0811","27.4234","500.043"
429,0,"14.8877","27.4552","500.519"
430,0,"14.7061","27.5506","501.022"
431,0,"14.5262","27.6167","501.522"
432,0,"14.3442","27.6996","502.072"
433,0,"14.2078","27.8032","502.601"
434,0,"13.9865","27.9329","503.21"
435,0,"13.865","28.0569","503.773"
436,0,"13.707","28.1948","504.338"
437,0,"13.5328","28.2922","504.876"
438,0,"13.414","28.382","505.381"
439,0,"13.2804","28.4719","505.849"
440,0,"13.121","28.5094","506.249"
441,0,"12.9892","28.5814","506.687"
442,0,"12.8554","28.646","507.151"
443,0,"12.7243","28.7621","507.626"
444,0,"12.6029","28.8552","508.107"
445,0,"12.4641","29.0007","508.632"
446,0,"12.3298","29.099","509.114"
447,0,"12.2384","29.2746","509.647"
448,0,"12.1465","29.3736","510.114"
449,0,"12.0651","29.4906","510.57"
450,0,"11.9992","29.5922","510.995"
451,0,"11.8831","29.6518","511.371"
452,0,"11.8076","29.7519","511.744"
453,0,"11.7307","29.8056","512.118"
454,0,"11.6363","29.909","512.496"
455,0,"11.5797","30.0182","512.9"
456,0,"11.5067","30.132","513.301"
457,0,"11.4431","30.2444","513.705"
458,0,"11.3916","30.3598","514.158"
459,0,"11.3119","30.4271","514.544"
460,0,"11.2404","30.5175","514.951"
461,0,"11.2243","30.6081","515.301"
462,0,"11.1474","30.6799","515.65"
463,0,"11.1408","30.7896","516.005"
464,0,"11.127","30.8672","516.346"
465,0,"11.046","30.9069","516.618"
466,0,"11.0584","31.0111","516.933"
467,0,"11.0121","31.0684","517.259"
468,0,"10.975","31.1379","517.606"
469,0,"10.9701","31.2487","518.011"
470,0,"10.9735","31.3137","518.372"
471,0,"10.9469","31.4366","518.759"
472,0,"10.9787","31.5117","519.084"
473,0,"10.9859","31.5838","519.38"
474,0,"10.9558","31.6406","519.644"
475,0,"10.9659","31.673","519.919"
476,0,"10.9667","31.7206","520.159"
477,0,"10.9597","31.7556","520.436"
478,0,"10.9684","31.7943","520.746"
479,0,"10.9741","31.8176","521.059"
480,0,"10.9839","31.9195","521.428"
481,0,"10.9826","31.9257","521.734"
482,0,"11.0179","32.0243","522.056"
483,0,"11.0828","32.1022","522.316"
484,0,"11.1241","32.1357","522.579"
485,0,"11.2002","32.2114","522.84"
486,0,"11.2172","32.2416","523.074"
487,0,"11.2804","32.2577","523.336"
488,0,"11.3258","32.2675","523.6"
489,0,"11.3444","32.2818","523.869"
490,0,"11.4119","32.2881","524.14"
491,0,"11.436","32.3472","524.43"
492,0,"11.4739","32.3235","524.654"
493,0,"11.5452","32.3786","524.903"
494,0,"11.6164","32.427","525.161"
495,0,"11.6601","32.4504","525.415"
496,0,"11.7382","32.4961","525.691"
497,0,"11.7663","32.4959","525.943"
498,0,"11.8252","32.4773","526.171"
499,0,"11.905","32.4988","526.383"
500,0,"11.9232","32.4709","526.593"
501,0,"12.0109","32.4541","526.797"
502,0,"12.0598","32.4681","527.064"
503,0,"12.1268","32.4466","527.282"
504,0,"12.2401","32.4819","527.573"
505,0,"12.3077","32.4937","527.832"
506,0,"12.3917","32.5121","528.084"
507,0,"12.4728","32.5142","528.337"
508,0,"12.5407","32.5059","528.597"
509,0,"12.5981","32.4871","528.833"
510,0,"12.6846","32.4603","529.064"
511,0,"12.7161","32.4521","529.277"
512,0,"12.8261","32.3987","529.476"
513,0,"12.8972","32.3804","529.763"
514,0,"12.96","32.3273","529.983"
515,0,"13.0353","32.2927","530.227"
516,0,"13.1306","32.3156","530.48"
517,0,"13.1886","32.2888","530.675"
518,0,"13.3055","32.3013","530.909"
519,0,"13.421","32.3078","531.154"
520,0,"13.5028","32.313","531.419"
521,0,"13.6034","32.2991","531.647"
522,0,"13.6335","32.2615","531.882"
523,0,"13.7207","32.2202","532.062"
524,0,"13.7622","32.1681","532.302"
525,0,"13.8638","32.1688","532.542"
526,0,"13.9202","32.1222","532.742"
527,0,"13.9985","32.1077","532.986"
528,0,"14.0852","32.0772","533.231"
529,0,"14.1589","32.0518","533.487"
530,0,"14.2443","32.0396","533.756"
531,0,"14.3088","32.0559","534.015"
532,0,"14.4156","32.0215","534.24"
533,0,"14.4693","32.0149","534.504"
534,0,"14.5195","31.9479","534.72"
535,0,"14.6183","31.9184","534.949"
536,0,"14.6926","31.8857","535.175"
537,0,"14.7852","31.8401","535.437"
538,0,"14.8239","31.7968","535.738"
539,0,"14.8918","31.7562","535.977"
540,0,"14.9664","31.7407","536.253"
541,0,"15.0315","31.7054","536.504"
542,0,"15.092","31.7116","536.776"
543,0,"15.1843","31.6629","536.984"
544,0,"15.2684","31.6486","537.238"
545,0,"15.2985","31.6163","537.456"
546,0,"15.3846","31.5439","537.664"
547,0,"15.4345","31.5134","537.907"
548,0,"15.4836","31.4238","538.109"
549,0,"15.5342","31.3861","538.351"
550,0,"15.5594","31.3365","538.565"
551,0,"15.6515","31.3638","538.792"
552,0,"15.7353","31.339","538.995"
553,0,"15.807","31.3619","539.216"
554,0,"15.8707","31.3689","539.392"
555,0,"15.8909","31.3265","539.597"
556,0,"15.9778","31.3086","539.796"
557,0,"16.0319","31.2512","539.967"
558,0,"16.0803","31.2362","540.199"
559,0,"16.1211","31.1682","540.375"
560,0,"16.145","31.1061","540.559"
561,0,"16.1924","31.0715","540.688"
562,0,"16.2526","31.0406","540.836"
563,0,"16.3217","31.0203","540.939"
564,0,"16.3497","31.0147","541.077"
565,0,"16.4198","30.984","541.243"
566,0,"16.473","31.0034","541.437"
567,0,"16.5596","30.9852","541.62"
568,0,"16.6232","30.9728","541.782"
569,0,"16.648","30.9502","541.961"
570,0,"16.6999","30.9088","542.079"
571,0,"16.719","30.8815","542.199"
572,0,"16.7922","30.8439","542.293"
573,0,"16.7859","30.7821","542.42"
574,0,"16.839","30.7532","542.51"
575,0,"16.9028","30.741","542.649"
576,0,"16.9316","30.6921","542.757"
577,0,"16.9932","30.677","542.902"
578,0,"17.0224","30.6649","543.045"
579,0,"17.0674","30.62","543.154"
580,0,"17.1255","30.647","543.316"
581,0,"17.1666","30.595","543.409"
582,0,"17.2006","30.583","543.539"
583,0,"17.2431","30.5475","543.649"
584,0,"17.2937","30.5079","543.752"
585,0,"17.3104","30.4788","543.879"
586,0,"17.341","30.435","544.012"
587,0,"17.3754","30.4158","544.126"
588,0,"17.4411","30.3898","544.234"
589,0,"17.4718","30.3852","544.363"
590,0,"17.5128","30.3511","544.448"
591,0,"17.5536","30.391","544.606"
592,0,"17.5811","30.3642","544.696"
593,0,"17.6437","30.3379","544.843"
594,0,"17.6305","30.3218","544.992"
595,0,"17.6514","30.2362","545.09"
596,0,"17.6657","30.2023","545.226"
597,0,"17.6941","30.1506","545.312"
598,0,"17.7311","30.1336","545.386"
599,0,"17.7874","30.1002","545.453"
600,0,"17.8107","30.1066","545.506"
601,0,"17.8317","30.0677","545.541"
602,0,"17.8624","30.0662","545.626"
603,0,"17.9204","30.0485","545.727"
604,0,"17.9615","30.0313","545.885"
605,0,"17.9931","30.0673","546.095"
606,0,"17.9855","30.01","546.226"
607,0,"18.0187","30.0134","546.332"
608,0,"18.0363","29.9516","546.37"
609,0,"18.044","29.8892","546.374"
610,0,"18.1029","29.8683","546.396"
611,0,"18.1374","29.8489","546.445"
612,0,"18.1559","29.8273","546.511"
613,0,"18.1679","29.8","546.618"
614,0,"18.1854","29.7797","546.745"
615,0,"18.2214","29.7332","546.829"
616,0,"18.1988","29.6887","546.972"
617,0,"18.2274","29.638","547.039"
618,0,"18.2539","29.6131","547.148"
619,0,"18.2839","29.5834","547.22"
620,0,"18.3431","29.5496","547.269"
621,0,"18.3853","29.5024","547.327"
622,0,"18.4203","29.4367","547.362"
623,0,"18.4394","29.402","547.425"
624,0,"18.493","29.3568","547.514"
625,0,"18.4673","29.3137","547.617"
626,0,"18.4895","29.2806","547.732"
627,0,"18.4952","29.2866","547.85"
628,0,"18.4798","29.2426","547.936"
629,0,"18.5113","29.2157","548.024"
630,0,"18.5338","29.1648","548.086"
631,0,"18.5816","29.108","548.137"
632,0,"18.63","29.0971","548.215"
633,0,"18.6549","28.9945","548.243"
634,0,"18.6743","28.9513","548.332"
635,0,"18.7035","28.8692","548.392"
636,0,"18.7222","28.8361","548.46"
637,0,"18.7425","28.8113","548.576"
638,0,"18.8085","28.8204","548.718"
639,0,"19.1079","29.2034","549.062"
640,0,"19.1844","29.1656","549.181"
641,0,"19.183","29.1126","549.272"
642,0,"19.2098","29.0511","549.322"
643,0,"19.2312","28.9716","549.38"
644,0,"19.2618","28.8952","549.398"
645,0,"19.3085","28.8491","549.478"
646,0,"19.3322","28.8102","549.589"
647,0,"19.3789","28.7628","549.662"
648,0,"19.3851","28.7791","549.76"
649,0,"19.4397","28.7005","549.833"
650,0,"19.4782","28.7077","549.939"
651,0,"19.5205","28.6713","550.046"
652,0,"19.5663","28.6332","550.127"
653,0,"19.6079","28.6053","550.17"
654,0,"19.643","28.5388","550.188"
655,0,"19.7023","28.4868","550.185"
656,0,"19.7076","28.4047","550.168"
657,0,"19.7537","28.3695","550.191"
658,0,"19.7683","28.2714","550.204"
659,0,"19.7823","28.2865","550.308"
660,0,"19.802","28.1917","550.343"
661,0,"19.8233","28.1844","550.397"
662,0,"19.8405","28.1452","550.44"
663,0,"19.8549","28.083","550.45"
664,0,"19.8824","28.0905","550.477"
665,0,"19.9094","28.0402","550.475"
666,0,"19.9298","28.0012","550.495"
667,0,"19.9356","27.9368","550.476"
668,0,"19.9362","27.8682","550.469"
669,0,"19.9437","27.7886","550.421"
670,0,"19.9275","27.7057","550.415"
671,0,"19.9547","27.6444","550.401"
672,0,"19.9581","27.6384","550.418"
673,0,"19.9709","27.6476","550.462"
674,0,"19.9937","27.5792","550.444"
675,0,"19.9934","27.5656","550.477"
676,0,"20.0068","27.5086","550.49"
677,0,"20.0276","27.4799","550.517"
678,0,"20.0407","27.418","550.538"
679,0,"20.0033","27.3488","550.561"
680,0,"19.9974","27.2725","550.547"
681,0,"19.9825","27.2246","550.54"
682,0,"19.9613","27.135","550.495"
683,0,"19.9615","27.0968","550.471"
684,0,"19.9415","27.0447","550.484"
685,0,"19.9597","27.0097","550.494"
686,0,"19.9517","27.0155","550.608"
687,0,"19.9588","26.9626","550.68"
688,0,"19.9506","26.9489","550.762"
689,0,"19.954","26.9379","550.802"
690,0,"19.9403","26.8647","550.838"
691,0,"19.939","26.8436","550.869"
692,0,"19.9268","26.7878","550.88"
693,0,"19.9239","26.7475","550.897"
694,0,"19.9003","26.6768","550.902"
695,0,"19.8517","26.6255","550.968"
696,0,"19.8565","26.5762","550.967"
697,0,"19.8066","26.5403","551.053"
698,0,"19.802","26.5254","551.123"
699,0,"19.7815","26.5183","551.205"
700,0,"19.7793","26.5492","551.31"
701,0,"19.7823","26.5108","551.362"
702,0,"19.7653","26.5022","551.42"
703,0,"19.761","26.4441","551.436"
704,0,"19.7088","26.4022","551.432"
705,0,"19.6928","26.3602","551.437"
706,0,"19.6521","26.3174","551.467"
707,0,"19.6495","26.287","551.494"
708,0,"19.5992","26.2686","551.554"
709,0,"19.5636","26.2273","551.57"
710,0,"19.5591","26.2509","551.606"
711,0,"19.5317","26.2366","551.652"
712,0,"19.5442","26.2117","551.684"
713,0,"19.5336","26.2385","551.748"
714,0,"19.4886","26.193","551.787"
715,0,"19.447","26.1623","551.796"
716,0,"19.4044","26.1067","551.772"
717,0,"19.3639","26.0844","551.774"
718,0,"19.3336","26.0499","551.754"
719,0,"19.2921","26.0644","551.799"
720,0,"19.2734","26.0215","551.806"
721,0,"19.2441","26.0196","551.823"
722,0,"19.2278","26.0453","551.867"
723,0,"19.1893","26.0334","551.854"
724,0,"19.1775","26.0567","551.915"
725,0,"19.1405","26.0566","551.948"
726,0,"19.0884","26.0442","551.962"
727,0,"19.0727","26.0652","551.952"
728,0,"19.0155","26.0524","551.926"
729,0,"19.011","26.0489","551.871"
730,0,"18.9388","26.036","551.889"
731,0,"18.9125","25.9859","551.87"
732,0,"18.8511","25.9754","551.941"
733,0,"18.8026","25.9662","551.975"
734,0,"18.7748","25.9539","551.988"
735,0,"18.7298","25.9765","552.037"
736,0,"18.7381","26.0094","552.067"
737,0,"18.7231","26.0452","552.137"
738,0,"18.6975","26.0666","552.194"
739,0,"18.6581","26.094","552.254"
740,0,"18.6315","26.0789","552.305"
741,0,"18.5778","26.0695","552.364"
742,0,"18.544","26.0066","552.396"
743,0,"18.4976","25.9817","552.452"
744,0,"18.4939","26.0079","552.487"
745,0,"18.4495","26.0071","552.519"
746,0,"18.4431","26.0493","552.616"
747,0,"18.4112","26.0857","552.706"
748,0,"18.3895","26.0953","552.773"
749,0,"18.3797","26.1316","552.86"
750,0,"18.3154","26.1356","552.921"
751,0,"18.3182","26.1453","552.952"
752,0,"18.2865","26.1633","553.037"
753,0,"18.2851","26.1366","553.05"
754,0,"18.2417","26.1679","553.108"
755,0,"18.2191","26.1477","553.116"
756,0,"18.214","26.1573","553.135"
757,0,"18.1868","26.1866","553.178"
758,0,"18.1674","26.1895","553.223"
759,0,"18.1543","26.2283","553.296"
760,0,"18.1476","26.2698","553.342"
761,0,"18.1532","26.2951","553.396"
762,0,"18.1443","26.3114","553.429"
763,0,"18.1215","26.3225","553.442"
764,0,"18.1044","26.2883","553.424"
765,0,"18.0649","26.311","553.461"
766,0,"18.0425","26.2882","553.435"
767,0,"18.0302","26.3254","553.437"
768,0,"18.0073","26.3256","553.439"
769,0,"17.97","26.3467","553.465"
770,0,"17.9905","26.3506","553.483"
771,0,"17.9729","26.3934","553.532"
772,0,"17.9779","26.4012","553.528"
773,0,"18.0085","26.4569","553.534"
774,0,"18.0048","26.4713","553.497"
775,0,"17.9932","26.4904","553.485"
776,0,"17.9872","26.5341","553.475"
777,0,"17.9562","26.5124","553.464"
778,0,"17.9474","26.5277","553.474"
779,0,"17.9244","26.5482","553.454"
780,0,"17.9487","26.5678","553.442"
781,0,"17.9486","26.6022","553.425"
782,0,"17.9501","26.6203","553.398"
783,0,"17.9776","26.6174","553.323"
784,0,"17.9633","26.652","553.287"
785,0,"17.9691","26.6435","553.23"
786,0,"17.9652","26.6819","553.209"
787,0,"17.9714","26.7171","553.206"
788,0,"17.9571","26.7515","553.235"
789,0,"17.9712","26.772","553.233"
790,0,"17.9546","26.8062","553.223"
791,0,"17.9789","26.7956","553.147"
792,0,"17.9916","26.8453","553.11"
793,0,"18.0141","26.8598","553.052"
794,0,"18.0338","26.8611","552.977"
795,0,"18.0395","26.9121","552.941"
796,0,"18.0229","26.9097","552.906"
797,0,"18.0423","26.9611","552.91"
798,0,"18.0359","27.0171","552.91"
799,0,"18.0348","27.0453","552.941"
800,0,"18.0486","27.0715","552.928"
801,0,"18.0409","27.1346","552.918"
802,0,"18.0782","27.1265","552.84"
803,0,"18.0706","27.1677","552.803"
804,0,"18.0858","27.1699","552.717"
805,0,"18.0871","27.1877","552.663"
806,0,"18.1","27.2208","552.618"
807,0,"18.1","27.2537","552.629"
808,0,"18.1039","27.2851","552.638"
809,0,"18.0952","27.3263","552.648"
810,0,"18.0795","27.3645","552.657"
811,0,"18.0805","27.3457","552.626"
812,0,"18.0379","27.3863","552.609"
813,0,"18.0313","27.3501","552.504"
814,0,"18.0312","27.3599","552.461"
815,0,"18.0015","27.3533","552.381"
816,0,"17.9749","27.3505","552.321"
817,0,"17.9929","27.3806","552.3"
818,0,"17.9618","27.4191","552.293"
819,0,"17.9624","27.4327","552.275"
820,0,"17.9182","27.4463","552.285"
821,0,"17.8918","27.4397","552.241"
822,0,"17.8609","27.4414","552.205"
823,0,"17.8645","27.444","552.152"
824,0,"17.8345","27.4546","552.105"
825,0,"17.7912","27.4118","552.005"
826,0,"17.7783","27.4112","551.953"
827,0,"17.745","27.3752","551.852"
828,0,"17.733","27.3383","551.777"
829,0,"17.7215","27.3316","551.724"
830,0,"17.6568","27.2716","551.654"
831,0,"17.6461","27.2915","551.659"
832,0,"17.628","27.2933","551.63"
833,0,"17.6143","27.2984","551.598"
834,0,"17.6151","27.2851","551.566"
835,0,"17.5788","27.2675","551.48"
836,0,"17.5419","27.212","551.369"
837,0,"17.5132","27.182","551.298"
838,0,"17.5088","27.1351","551.227"
839,0,"17.4954","27.0913","551.168"
840,0,"17.4845","27.0206","551.098"
841,0,"17.4503","27.0106","551.055"
842,0,"17.4343","26.9282","550.993"
843,0,"17.4009","26.9094","550.968"
844,0,"17.3737","26.8462","550.899"
845,0,"17.3612","26.7905","550.839"
846,0,"17.3335","26.7477","550.76"
847,0,"17.2615","26.6811","550.688"
848,0,"17.2724","26.5854","550.583"
849,0,"17.2367","26.5608","550.522"
850,0,"17.2375","26.4385","550.426"
851,0,"17.2156","26.3846","550.383"
852,0,"17.1891","26.273","550.274"
853,0,"17.15","26.1808","550.189"
854,0,"17.1451","26.0785","550.122"
855,0,"17.0972","25.9821","550.072"
856,0,"17.0791","25.896","549.981"
857,0,"17.029","25.799","549.938"
858,0,"17.0315","25.7205","549.851"
859,0,"16.9849","25.6181","549.783"
860,0,"16.9969","25.5199","549.703"
861,0,"16.9513","25.4313","549.7"
862,0,"16.8934","25.3068","549.623"
863,0,"16.873","25.217","549.591"
864,0,"16.8471","25.1109","549.529"
865,0,"16.7863","25.0179","549.455"
866,0,"16.7807","24.8827","549.353"
867,0,"16.709","24.7826","549.254"
868,0,"16.6745","24.6588","549.154"
869,0,"16.6289","24.5011","549.065"
870,0,"16.6241","24.3978","548.976"
871,0,"16.5816","24.3156","548.943"
872,0,"16.551","24.1896","548.907"
873,0,"16.5094","24.095","548.897"
874,0,"16.4696","23.9343","548.82"
875,0,"16.4533","23.8144","548.752"
876,0,"16.4039","23.6809","548.659"
877,0,"16.3372","23.5469","548.547"
878,0,"16.3236","23.391","548.406"
879,0,"16.2666","23.2844","548.335"
880,0,"16.2265","23.1174","548.219"
881,0,"16.1839","23.0066","548.17"
882,0,"16.14","22.8868","548.117"
883,0,"16.0925","22.7899","548.088"
884,0,"16.047","22.6654","548.032"
885,0,"16.0142","22.57","547.997"
886,0,"15.9861","22.4481","547.908"
887,0,"15.9454","22.3054","547.747"
888,0,"15.9144","22.1915","547.617"
889,0,"15.8644","22.068","547.494"
890,0,"15.8133","21.9176","547.405"
891,0,"15.8054","21.8142","547.358"
892,0,"15.7092","21.6789","547.319"
893,0,"15.6612","21.5564","547.225"
894,0,"15.5964","21.4363","547.17"
895,0,"15.5115","21.2395","547.031"
896,0,"15.4635","21.1217","546.947"
897,0,"15.4409","21.0057","546.846"
898,0,"15.3903","20.9175","546.746"
899,0,"15.3339","20.7524","546.612"
900,0,"15.269","20.5997","546.522"
901,0,"15.2184","20.4601","546.413"
902,0,"15.1108","20.302","546.296"
903,0,"15.0551","20.1551","546.197"
904,0,"14.9692","20.034","546.126"
905,0,"14.89","19.8633","546.007"
906,0,"14.8496","19.7269","545.864"
907,0,"14.7571","19.5873","545.713"
908,0,"14.6933","19.4268","545.519"
909,0,"14.6272","19.2919","545.382"
910,0,"14.5774","19.1431","545.227"
911,0,"14.5048","19.0201","545.131"
912,0,"14.4131","18.862","545.001"
913,0,"14.3375","18.7345","544.931"
914,0,"14.2441","18.5983","544.839"
915,0,"14.1704","18.4857","544.75"
916,0,"14.1347","18.3665","544.636"
917,0,"14.1007","18.337","544.567"
918,0,"14.083","18.2344","544.43"
919,0,"14.0266","18.1434","544.315"
920,0,"14.0197","18.0413","544.207"
921,0,"13.9663","17.9447","544.132"
922,0,"13.9314","17.8212","544.058"
923,0,"13.8534","17.7082","544.002"
924,0,"13.8077","17.6158","543.978"
925,0,"13.7373","17.5029","543.892"
926,0,"13.7018","17.3798","543.807"
927,0,"13.6745","17.2697","543.721"
928,0,"13.6109","17.1588","543.624"
929,0,"13.613","17.0616","543.543"
930,0,"13.5727","16.9908","543.517"
931,0,"13.5098","16.8972","543.467"
932,0,"13.4709","16.8168","543.46"
933,0,"13.4355","16.723","543.415"
934,0,"13.404","16.6767","543.429"
935,0,"13.3893","16.5747","543.405"
936,0,"13.3708","16.4837","543.376"
937,0,"13.3341","16.381","543.346"
938,0,"13.2949","16.3073","543.296"
939,0,"13.269","16.1745","543.193"
940,0,"13.2337","16.0588","543.123"
941,0,"13.2091","16.0008","543.089"
942,0,"13.1871","15.9056","543.061"
943,0,"13.1804","15.8403","543.066"
944,0,"13.1406","15.7617","543.066"
945,0,"13.1353","15.7394","543.102"
946,0,"13.0976","15.6557","543.08"
947,0,"13.0484","15.5617","543.084"
948,0,"13.0171","15.4786","543.069"
949,0,"12.9398","15.3811","543.069"
950,0,"12.9606","15.2886","543.035"
951,0,"12.9366","15.2443","543.028"
952,0,"12.9098","15.1285","542.968"
953,0,"12.8795","15.0519","542.949"
954,0,"12.8554","14.9571","542.892"
955,0,"12.7956","14.872","542.866"
956,0,"12.7763","14.7949","542.892"
957,0,"12.7181","14.7311","542.932"
958,0,"12.7199","14.7263","543.01"
959,0,"12.6675","14.6113","543.011"
960,0,"12.6566","14.5492","543.03"
961,0,"12.6215","14.4906","542.995"
962,0,"12.5637","14.4113","542.967"
963,0,"12.5633","14.3265","542.909"
964,0,"12.5204","14.2409","542.882"
965,0,"12.5121","14.1683","542.855"
966,0,"12.4497","14.0803","542.852"
967,0,"12.4264","14.01","542.866"
968,0,"12.3916","13.9791","542.914"
969,0,"12.3508","13.8947","542.943"
970,0,"12.3381","13.8985","542.974"
971,0,"12.3138","13.8775","543.003"
972,0,"12.3168","13.799","542.965"
973,0,"12.265","13.7485","542.907"
974,0,"12.2622","13.6802","542.837"
975,0,"12.2365","13.6303","542.796"
976,0,"12.1967","13.5251","542.705"
977,0,"12.1821","13.5059","542.687"
978,0,"12.135","13.4695","542.671"
979,0,"12.0999","13.3819","542.603"
980,0,"12.1125","13.3785","542.564"
981,0,"12.0694","13.3111","542.496"
982,0,"12.0609","13.2983","542.44"
983,0,"12.0707","13.277","542.353"
984,0,"12.0592","13.2708","542.29"
985,0,"12.087","13.2652","542.195"
986,0,"12.0749","13.1817","542.068"
987,0,"12.0738","13.1883","541.985"
988,0,"12.0722","13.1423","541.891"
989,0,"12.0341","13.1011","541.824"
990,0,"12.0925","13.0967","541.726"
991,0,"12.1012","13.0924","541.656"
992,0,"12.0998","13.0795","541.582"
993,0,"12.1241","13.069","541.482"
994,0,"12.133","13.0878","541.408"
995,0,"12.1742","13.0771","541.308"
996,0,"12.1769","13.0745","541.241"
997,0,"12.1984","13.0458","541.166"
998,0,"12.1999","13.0535","541.097"
999,0,"12.2143","13.0564","541.018"
1000,0,"12.2293","12.9964","540.891"
1001,0,"12.2506","13.0257","540.828"
1002,0,"12.3131","13.0712","540.757"
1003,0,"12.3538","13.1331","540.704"
1004,0,"12.4149","13.1969","540.646"
1005,0,"12.4945","13.2731","540.548"
1006,0,"12.4907","13.3503","540.5"
1007,0,"12.5694","13.3968","540.396"
1008,0,"12.6152","13.436","540.273"
1009,0,"12.6465","13.5079","540.191"
1010,0,"12.7319","13.5937","540.097"
1011,0,"12.759","13.6719","540.016"
1012,0,"12.8013","13.7505","539.884"
1013,0,"12.8713","13.8626","539.749"
1014,0,"12.9456","14.0257","539.65"
1015,0,"13.015","14.1933","539.525"
1016,0,"13.0683","14.3715","539.447"
1017,0,"13.198","14.6269","539.394"
1018,0,"13.2878","14.8786","539.332"
1019,0,"13.3324","15.0846","539.234"
1020,0,"13.414","15.3017","539.091"
1021,0,"13.5114","15.5971","538.965"
1022,0,"13.5936","15.9098","538.863"
1023,0,"13.7161","16.2256","538.708"
1024,0,"13.8201","16.5873","538.577"
1025,0,"13.893","16.945","538.465"
1026,0,"13.9918","17.3236","538.345"
1027,0,"14.084","17.7721","538.219"
1028,0,"14.16","18.1945","538.065"
1029,0,"14.237","18.6955","537.982"
1030,0,"14.3323","19.3028","537.901"
1031,0,"14.4407","19.8786","537.791"
1032,0,"14.5045","20.4575","537.679"
1033,0,"14.6325","21.1202","537.521"
1034,0,"14.7501","21.8135","537.369"
1035,0,"14.8312","22.5369","537.219"
1036,0,"14.9189","23.2685","537.066"
1037,0,"15.0287","24.092","536.982"
1038,0,"15.1224","24.9763","536.895"
1039,0,"15.2155","25.8544","536.78"
1040,0,"15.2936","26.8232","536.694"
1041,0,"15.4274","27.8339","536.558"
1042,0,"15.5249","28.9242","536.497"
1043,0,"15.6309","30.0744","536.439"
1044,0,"15.7152","31.2068","536.366"
1045,0,"15.7851","32.4161","536.324"
1046,0,"15.8796","33.697","536.238"
1047,0,"15.9392","35.012","536.176"
1048,0,"16.029","36.4174","536.063"
1049,0,"16.1499","37.8929","535.969"
1050,0,"16.2188","39.4632","535.903"
1051,0,"16.3058","41.0694","535.844"
1052,0,"16.4005","42.7388","535.748"
1053,0,"16.4657","44.5026","535.692"
1054,0,"16.5553","46.3102","535.632"
1055,0,"16.6195","48.1798","535.599"
1056,0,"16.7339","50.1521","535.516"
1057,0,"16.8255","52.1718","535.418"
1058,0,"16.8894","54.2776","535.313"
1059,0,"16.9877","56.4753","535.16"
1060,0,"17.0572","58.6966","535.024"
1061,0,"17.1305","61.0438","534.875"
1062,0,"17.1682","63.442","534.799"
1063,0,"17.2419","65.9886","534.736"
1064,0,"17.3028","68.5773","534.7"
1065,0,"17.3314","71.2896","534.639"
1066,0,"17.3923","74.059","534.539"
1067,0,"17.4592","76.9582","534.464"
1068,0,"17.5675","79.92","534.317"
1069,0,"17.6122","82.9673","534.167"
1070,0,"17.6977","86.1013","534.021"
1071,0,"17.7781","89.3529","533.862"
1072,0,"17.7879","92.6836","533.748"
1073,0,"17.8146","95.8203","533.341"
1074,0,"17.8839","99.3936","533.229"
1075,0,"17.9093","102.992","533.134"
1076,0,"17.9506","106.748","533.011"
1077,0,"18.0045","110.561","532.883"
1078,0,"18.0594","114.533","532.702"
1079,0,"18.1232","118.511","532.493"
1080,0,"18.1445","122.623","532.275"
1081,0,"18.1773","126.869","532.083"
1082,0,"18.2177","131.166","531.898"
1083,0,"18.2261","135.598","531.774"
1084,0,"18.2883","140.184","531.605"
1085,0,"18.3121","144.827","531.446"
1086,0,"18.3651","149.574","531.222"
1087,0,"18.3657","154.437","531.05"
1088,0,"18.4009","159.418","530.846"
1089,0,"18.4686","164.512","530.654"
1090,0,"18.5439","169.74","530.485"
1091,0,"18.572","175.018","530.315"
1092,0,"18.5856","180.419","530.162"
1093,0,"18.5806","185.882","529.974"
1094,0,"18.5513","191.464","529.813"
1095,0,"18.5449","197.157","529.63"
1096,0,"18.5144","202.935","529.468"
1097,0,"18.4725","208.847","529.299"
1098,0,"18.4549","214.837","529.11"
1099,0,"18.4297","220.921","528.922"
1100,0,"18.3907","227.077","528.769"
1101,0,"18.3782","233.398","528.646"
1102,0,"18.3298","239.752","528.487"
1103,0,"18.2549","246.191","528.36"
1104,0,"18.2159","252.776","528.247"
1105,0,"18.1348","259.45","528.168"
1106,0,"18.0549","266.188","528.053"
1107,0,"17.9691","273.042","528.012"
1108,0,"17.8875","279.973","527.927"
1109,0,"17.7719","286.976","527.826"
1110,0,"17.6563","293.993","527.763"
1111,0,"17.5413","301.149","527.709"
1112,0,"17.4044","308.344","527.643"
1113,0,"17.2604","315.58","527.571"
1114,0,"17.1064","322.954","527.567"
1115,0,"16.9413","330.355","527.589"
1116,0,"16.7512","337.853","527.593"
1117,0,"16.5942","345.402","527.603"
1118,0,"16.4097","353.013","527.679"
1119,0,"16.2294","360.691","527.742"
1120,0,"16.0619","368.394","527.833"
1121,0,"15.846","376.139","527.894"
1122,0,"15.6674","383.96","527.956"
1123,0,"15.4753","391.843","528.064"
1124,0,"15.3063","399.785","528.164"
1125,0,"15.1133","407.749","528.279"
1126,0,"14.9014","415.762","528.462"
1127,0,"14.6729","423.784","528.584"
1128,0,"14.4452","431.893","528.768"
1129,0,"14.2183","439.996","528.949"
1130,0,"13.9866","448.126","529.12"
1131,0,"13.7375","456.29","529.31"
1132,0,"13.5075","464.421","529.477"
1133,0,"13.291","472.616","529.643"
1134,0,"13.0304","480.761","529.768"
1135,0,"12.7947","488.953","529.926"
1136,0,"12.5604","497.171","530.107"
1137,0,"12.292","505.346","530.286"
1138,0,"12.0414","513.602","530.504"
1139,0,"11.802","521.79","530.71"
1140,0,"11.5403","530.007","530.949"
1141,0,"11.3364","538.213","531.118"
1142,0,"11.0813","546.368","531.266"
1143,0,"10.8616","554.504","531.39"
1144,0,"10.6273","562.565","531.465"
1145,0,"10.3694","570.69","531.618"
1146,0,"10.1527","578.748","531.71"
1147,0,"9.93224","586.795","531.92"
1148,0,"9.69556","594.791","532.089"
1149,0,"9.45145","602.722","532.284"
1150,0,"9.20057","610.661","532.449"
1151,0,"8.95459","618.455","532.54"
1152,0,"8.72739","626.31","532.67"
1153,0,"8.51416","634.043","532.696"
1154,0,"8.32127","641.772","532.76"
1155,0,"8.11779","649.416","532.827"
1156,0,"7.92828","657.04","532.852"
1157,0,"7.75525","664.615","532.922"
1158,0,"7.59329","672.143","532.996"
1159,0,"7.35412","679.572","533.098"
1160,0,"7.2207","686.999","533.189"
1161,0,"7.04572","694.322","533.252"
1162,0,"6.79651","701.617","533.28"
1163,0,"6.69082","708.729","533.292"
1164,0,"6.50962","715.787","533.279"
1165,0,"6.40431","722.853","533.27"
1166,0,"6.23534","729.786","533.242"
1167,0,"6.09177","736.69","533.215"
1168,0,"5.96617","743.448","533.139"
1169,0,"5.81178","750.175","533.12"
1170,0,"5.72165","756.806","533.054"
1171,0,"5.5616","763.401","533.03"
1172,0,"5.44039","769.88","532.932"
1173,0,"5.3462","776.284","532.865"
1174,0,"5.23064","782.625","532.796"
1175,0,"5.17639","788.863","532.665"
1176,0,"5.05067","794.974","532.546"
1177,0,"4.97321","800.977","532.37"
1178,0,"4.86807","806.917","532.224"
1179,0,"4.763","812.769","532.062"
1180,0,"4.68198","818.565","531.922"
1181,0,"4.57644","824.252","531.772"
1182,0,"4.47552","829.839","531.568"
1183,0,"4.37756","835.352","531.372"
1184,0,"4.33397","840.737","531.119"
1185,0,"4.2424","846.05","530.89"
1186,0,"4.17526","851.278","530.641"
1187,0,"4.131","856.386","530.403"
1188,0,"4.05685","861.445","530.157"
1189,0,"3.99248","866.363","529.884"
1190,0,"3.93724","871.19","529.65"
1191,0,"3.88104","875.932","529.359"
1192,0,"3.82553","880.578","529.109"
1193,0,"3.7567","885.156","528.861"
1194,0,"3.70832","889.62","528.577"
1195,0,"3.64923","894.014","528.323"
1196,0,"3.58728","898.273","527.992"
1197,0,"3.57106","902.505","527.704"
1198,0,"3.53067","906.619","527.423"
1199,0,"3.50826","910.625","527.124"
1200,0,"3.42206","914.573","526.899"
1201,0,"3.37858","918.396","526.636"
1202,0,"3.30506","922.175","526.395"
1203,0,"3.22743","925.824","526.148"
1204,0,"3.18015","929.393","525.833"
1205,0,"3.13775","932.871","525.539"
1206,0,"3.10006","936.255","525.178"
1207,0,"3.09908","939.565","524.852"
1208,0,"3.05546","942.794","524.567"
1209,0,"3.04542","945.904","524.254"
1210,0,"2.96206","948.981","524.023"
1211,0,"2.93946","951.951","523.787"
1212,0,"2.89578","954.827","523.58"
1213,0,"2.83371","957.646","523.371"
1214,0,"2.80461","960.372","523.125"
1215,0,"2.76297","963.028","522.892"
1216,0,"2.75423","965.545","522.591"
1217,0,"2.75359","968.028","522.285"
1218,0,"2.67547","970.483","522.041"
1219,0,"2.68639","972.708","521.705"
1220,0,"2.64927","975.009","521.517"
1221,0,"2.56043","977.224","521.369"
1222,0,"2.61596","979.287","521.193"
1223,0,"2.55905","981.4","521.082"
1224,0,"2.49395","983.388","520.942"
1225,0,"2.54294","985.32","520.764"
1226,0,"2.55683","987.165","520.616"
1227,0,"2.56963","988.946","520.416"
1228,0,"2.58398","990.663","520.236"
1229,0,"2.56753","992.308","520.058"
1230,0,"2.55328","993.865","519.875"
1231,0,"2.52649","995.401","519.754"
1232,0,"2.53671","996.888","519.633"
1233,0,"2.53951","998.335","519.56"
1234,0,"2.56009","999.733","519.497"
1235,0,"2.59375","1001.07","519.415"
1236,0,"2.63034","1002.36","519.36"
1237,0,"2.70987","1003.61","519.248"
1238,0,"2.7604","1004.77","519.147"
1239,0,"2.83073","1005.85","519.01"
1240,0,"2.88895","1006.89","518.89"
1241,0,"2.9564","1007.91","518.83"
1242,0,"3.08179","1008.87","518.777"
1243,0,"3.17626","1009.8","518.769"
1244,0,"3.27909","1010.67","518.745"
1245,0,"3.3909","1011.53","518.747"
1246,0,"3.57774","1012.39","518.755"
1247,0,"3.75495","1013.16","518.746"
1248,0,"3.91961","1013.93","518.783"
1249,0,"4.10839","1014.61","518.762"
1250,0,"4.34901","1015.3","518.794"
1251,0,"4.52822","1015.9","518.822"
1252,0,"4.79078","1016.48","518.831"
1253,0,"5.04306","1017.07","518.889"
1254,0,"5.3063","1017.6","518.892"
1255,0,"5.60595","1018.15","518.932"
1256,0,"5.94355","1018.68","518.973"
1257,0,"6.32726","1019.12","518.948"
1258,0,"6.67715","1019.61","519.001"
1259,0,"7.04732","1020.02","519.039"
1260,0,"7.47486","1020.45","519.076"
1261,0,"7.90199","1020.85","519.103"
1262,0,"8.36592","1021.23","519.124"
1263,0,"8.87645","1021.57","519.117"
1264,0,"9.39015","1021.9","519.099"
1265,0,"9.92437","1022.23","519.115"
1266,0,"10.5116","1022.5","519.108"
1267,0,"11.1094","1022.81","519.172"
1268,0,"11.7569","1023.08","519.171"
1269,0,"12.4429","1023.37","519.175"
1270,0,"13.146","1023.6","519.19"
1271,0,"13.9113","1023.82","519.177"
1272,0,"14.7106","1024.09","519.209"
1273,0,"15.5582","1024.29","519.133"
1274,0,"16.4712","1024.54","519.146"
1275,0,"17.3893","1024.76","519.096"
1276,0,"18.3582","1024.96","519.067"
1277,0,"19.3856","1025.15","519.066"
1278,0,"20.4303","1025.35","519.088"
1279,0,"21.5517","1025.52","519.075"
1280,0,"22.7194","1025.7","519.025"
1281,0,"23.9284","1025.87","519.004"
1282,0,"25.1963","1026.06","518.925"
1283,0,"26.5412","1026.26","518.878"
1284,0,"27.9279","1026.37","518.827"
1285,0,"29.3804","1026.51","518.804"
1286,0,"30.9026","1026.7","518.806"
1287,0,"32.4867","1026.81","518.745"
1288,0,"34.1342","1026.97","518.749"
1289,0,"35.8204","1027.14","518.711"
1290,0,"37.6135","1027.27","518.667"
1291,0,"39.4513","1027.4","518.638"
1292,0,"41.3712","1027.53","518.594"
1293,0,"43.3663","1027.68","518.537"
1294,0,"45.4518","1027.82","518.441"
1295,0,"47.5922","1027.96","518.409"
1296,0,"49.6304","1028.01","518.491"
1297,0,"51.9607","1028.16","518.472"
1298,0,"54.3289","1028.28","518.521"
1299,0,"56.7631","1028.39","518.523"
1300,0,"59.3018","1028.55","518.515"
1301,0,"61.9554","1028.64","518.401"
1302,0,"64.6765","1028.77","518.379"
1303,0,"67.4696","1028.9","518.366"
1304,0,"70.3767","1029.03","518.304"
1305,0,"73.3644","1029.13","518.293"
1306,0,"76.4303","1029.21","518.262"
1307,0,"79.625","1029.3","518.213"
1308,0,"82.8887","1029.45","518.145"
1309,0,"86.2158","1029.51","518.133"
1310,0,"89.6402","1029.61","518.115"
1311,0,"93.1975","1029.72","518.089"
1312,0,"96.7958","1029.81","518.144"
1313,0,"100.543","1029.9","518.117"
1314,0,"104.403","1030.02","518.102"
1315,0,"108.324","1030.08","518.069"
1316,0,"112.353","1030.1","518.038"
1317,0,"116.478","1030.17","518.038"
1318,0,"120.7","1030.18","517.908"
1319,0,"125","1030.21","517.903"
1320,0,"129.417","1030.28","517.858"
1321,0,"133.904","1030.31","517.776"
1322,0,"138.503","1030.35","517.799"
1323,0,"143.202","1030.36","517.77"
1324,0,"148.038","1030.38","517.719"
1325,0,"152.941","1030.37","517.701"
1326,0,"157.949","1030.38","517.687"
1327,0,"163.094","1030.41","517.573"
1328,0,"168.309","1030.41","517.541"
1329,0,"173.595","1030.42","517.524"
1330,0,"179.042","1030.35","517.425"
1331,0,"184.532","1030.34","517.434"
1332,0,"190.122","1030.29","517.42"
1333,0,"195.822","1030.24","517.341"
1334,0,"201.578","1030.2","517.382"
1335,0,"207.478","1030.12","517.349"
1336,0,"213.45","1030.05","517.358"
1337,0,"219.522","1029.97","517.306"
1338,0,"225.726","1029.89","517.221"
1339,0,"231.928","1029.81","517.233"
1340,0,"238.265","1029.69","517.168"
1341,0,"244.684","1029.61","517.198"
1342,0,"251.154","1029.45","517.265"
1343,0,"257.744","1029.32","517.205"
1344,0,"264.407","1029.19","517.274"
1345,0,"271.134","1029.06","517.308"
1346,0,"277.98","1028.93","517.249"
1347,0,"284.873","1028.74","517.261"
1348,0,"291.884","1028.57","517.223"
1349,0,"298.928","1028.36","517.242"
1350,0,"306.052","1028.13","517.23"
1351,0,"313.274","1027.96","517.218"
1352,0,"320.506","1027.76","517.334"
1353,0,"327.877","1027.51","517.342"
1354,0,"335.255","1027.25","517.426"
1355,0,"342.736","1027.01","517.465"
1356,0,"350.316","1026.77","517.49"
1357,0,"357.903","1026.53","517.593"
1358,0,"365.636","1026.29","517.591"
1359,0,"373.361","1026.03","517.655"
1360,0,"381.177","1025.77","517.743"
1361,0,"389.129","1025.49","517.828"
1362,0,"397.007","1025.21","517.995"
1363,0,"404.939","1024.92","518.099"
1364,0,"413.005","1024.64","518.278"
1365,0,"421.028","1024.35","518.432"
1366,0,"429.169","1024.07","518.548"
1367,0,"437.298","1023.8","518.756"
1368,0,"445.475","1023.46","518.871"
1369,0,"453.694","1023.13","518.955"
1370,0,"461.928","1022.8","519.115"
1371,0,"470.209","1022.49","519.244"
1372,0,"478.452","1022.14","519.45"
1373,0,"486.775","1021.8","519.637"
1374,0,"495.079","1021.55","519.887"
1375,0,"503.392","1021.19","520.137"
1376,0,"511.736","1020.86","520.389"
1377,0,"520.096","1020.52","520.65"
1378,0,"528.403","1020.21","520.883"
1379,0,"536.742","1019.92","521.131"
1380,0,"545.114","1019.58","521.347"
1381,0,"553.44","1019.32","521.596"
1382,0,"561.759","1018.95","521.835"
1383,0,"570.037","1018.57","522.023"
1384,0,"578.319","1018.27","522.281"
1385,0,"586.551","1017.94","522.521"
1386,0,"594.756","1017.6","522.807"
1387,0,"602.946","1017.29","523.082"
1388,0,"611.121","1016.97","523.393"
1389,0,"619.288","1016.67","523.644"
1390,0,"627.426","1016.33","523.847"
1391,0,"635.492","1016.04","524.078"
1392,0,"643.544","1015.69","524.225"
1393,0,"651.596","1015.4","524.484"
1394,0,"659.519","1015.07","524.715"
1395,0,"667.399","1014.74","524.932"
1396,0,"675.208","1014.48","525.161"
1397,0,"682.969","1014.19","525.329"
1398,0,"690.658","1013.89","525.462"
1399,0,"698.362","1013.59","525.533"
1400,0,"705.947","1013.35","525.685"
1401,0,"713.512","1013.07","525.767"
1402,0,"720.999","1012.74","525.823"
1403,0,"728.394","1012.47","525.915"
1404,0,"735.684","1012.22","526.029"
1405,0,"742.913","1011.93","526.126"
1406,0,"750.084","1011.7","526.251"
1407,0,"757.152","1011.44","526.338"
1408,0,"764.177","1011.18","526.357"
1409,0,"771.169","1010.97","526.42"
1410,0,"778.024","1010.68","526.398"
1411,0,"784.823","1010.45","526.44"
1412,0,"791.506","1010.26","526.491"
1413,0,"798.128","1009.99","526.505"
1414,0,"804.656","1009.79","526.573"
1415,0,"811.072","1009.57","526.626"
1416,0,"817.369","1009.36","526.627"
1417,0,"823.605","1009.11","526.583"
1418,0,"829.721","1008.96","526.578"
1419,0,"835.743","1008.74","526.54"
1420,0,"841.692","1008.52","526.504"
1421,0,"847.469","1008.32","526.446"
1422,0,"853.194","1008.11","526.404"
1423,0,"858.803","1007.92","526.375"
1424,0,"864.299","1007.72","526.285"
1425,0,"869.687","1007.53","526.215"
1426,0,"874.999","1007.37","526.123"
1427,0,"880.204","1007.19","526.015"
1428,0,"885.26","1007.03","525.872"
1429,0,"890.206","1006.86","525.768"
1430,0,"895.064","1006.69","525.634"
1431,0,"899.786","1006.53","525.521"
1432,0,"904.397","1006.36","525.356"
1433,0,"908.923","1006.2","525.204"
1434,0,"913.35","1006.09","525.024"
1435,0,"917.638","1005.95","524.779"
1436,0,"921.835","1005.81","524.605"
1437,0,"925.89","1005.63","524.31"
1438,0,"929.799","1005.57","524.141"
1439,0,"933.682","1005.38","523.905"
1440,0,"937.405","1005.29","523.706"
1441,0,"941.055","1005.16","523.515"
1442,0,"944.572","1005.04","523.281"
1443,0,"948.01","1004.99","523.064"
1444,0,"951.354","1004.87","522.811"
1445,0,"954.571","1004.77","522.537"
1446,0,"957.742","1004.67","522.242"
1447,0,"960.777","1004.63","522.004"
1448,0,"963.677","1004.55","521.718"
1449,0,"966.551","1004.42","521.365"
1450,0,"969.269","1004.37","521.147"
1451,0,"971.929","1004.27","520.868"
1452,0,"974.438","1004.22","520.579"
1453,0,"976.932","1004.16","520.361"
1454,0,"979.282","1004.09","520.07"
1455,0,"981.578","1004.08","519.818"
1456,0,"983.793","1004.02","519.54"
1457,0,"985.916","1003.95","519.211"
1458,0,"987.932","1003.93","518.976"
1459,0,"989.882","1003.9","518.753"
1460,0,"991.76","1003.84","518.494"
1461,0,"993.511","1003.83","518.263"
1462,0,"995.214","1003.79","518.028"
1463,0,"996.854","1003.75","517.831"
1464,0,"998.413","1003.76","517.662"
1465,0,"999.931","1003.73","517.453"
1466,0,"1001.35","1003.72","517.255"
1467,0,"1002.73","1003.71","517.035"
1468,0,"1004.05","1003.67","516.849"
1469,0,"1005.22","1003.63","516.678"
1470,0,"1006.46","1003.62","516.517"
1471,0,"1007.55","1003.63","516.373"
1472,0,"1008.63","1003.62","516.187"
1473,0,"1009.66","1003.59","516.058"
1474,0,"1010.59","1003.55","515.922"
1475,0,"1011.52","1003.53","515.773"
1476,0,"1012.39","1003.54","515.648"
1477,0,"1013.19","1003.48","515.501"
1478,0,"1014.01","1003.48","515.421"
1479,0,"1014.76","1003.44","515.297"
1480,0,"1015.48","1003.41","515.223"
1481,0,"1016.14","1003.35","515.084"
1482,0,"1016.78","1003.27","514.907"
1483,0,"1017.39","1003.24","514.842"
1484,0,"1017.94","1003.14","514.761"
1485,0,"1018.5","1003.1","514.732"
1486,0,"1019.03","1003.04","514.646"
1487,0,"1019.5","1002.95","514.576"
1488,0,"1020","1002.87","514.52"
1489,0,"1020.44","1002.73","514.427"
1490,0,"1020.87","1002.64","514.335"
1491,0,"1021.21","1002.44","514.294"
1492,0,"1021.6","1002.3","514.257"
1493,0,"1021.99","1002.13","514.17"
1494,0,"1022.3","1001.97","514.12"
1495,0,"1022.57","1001.7","514.055"
1496,0,"1022.88","1001.52","514.079"
1497,0,"1023.16","1001.27","514.031"
1498,0,"1023.5","1001.02","513.966"
1499,0,"1023.76","1000.75","513.958"
1500,0,"1024.05","1000.43","513.946"
1501,0,"1024.29","1000.09","513.997"
1502,0,"1024.53","999.738","514.025"
1503,0,"1024.73","999.354","514.058"
1504,0,"1024.96","998.925","514.049"
1505,0,"1025.2","998.486","514.013"
1506,0,"1025.42","998.012","513.982"
1507,0,"1025.65","997.501","513.931"
1508,0,"1025.81","996.93","513.947"
1509,0,"1025.96","996.358","513.925"
1510,0,"1026.13","995.717","513.912"
1511,0,"1026.33","995.054","513.88"
1512,0,"1026.48","994.374","513.907"
1513,0,"1026.64","993.659","513.95"
1514,0,"1026.83","992.881","513.951"
1515,0,"1026.97","992.026","513.923"
1516,0,"1027.15","991.186","513.88"
1517,0,"1027.32","990.268","513.866"
1518,0,"1027.49","989.315","513.83"
1519,0,"1027.7","988.323","513.879"
1520,0,"1027.84","987.2","513.854"
1521,0,"1027.99","986.073","513.87"
1522,0,"1028.09","984.904","513.933"
1523,0,"1028.24","983.599","513.854"
1524,0,"1028.39","982.328","513.825"
1525,0,"1028.55","980.918","513.782"
1526,0,"1028.7","979.472","513.67"
1527,0,"1028.9","978.022","513.664"
1528,0,"1029.08","976.46","513.633"
1529,0,"1029.18","974.852","513.589"
1530,0,"1029.35","973.169","513.602"
1531,0,"1029.46","971.394","513.566"
1532,0,"1029.58","969.552","513.495"
1533,0,"1029.73","967.631","513.443"
1534,0,"1029.87","965.649","513.383"
1535,0,"1030.03","963.636","513.318"
1536,0,"1030.17","961.489","513.246"
1537,0,"1030.3","959.275","513.17"
1538,0,"1030.49","956.99","513.117"
1539,0,"1030.65","954.66","513.108"
1540,0,"1030.74","952.151","513.028"
1541,0,"1030.89","949.626","513.013"
1542,0,"1031","946.989","512.949"
1543,0,"1031.12","944.301","512.871"
1544,0,"1031.2","941.486","512.766"
1545,0,"1031.38","938.599","512.65"
1546,0,"1031.45","935.67","512.598"
1547,0,"1031.61","932.565","512.452"
1548,0,"1031.75","929.414","512.346"
1549,0,"1031.86","926.197","512.258"
1550,0,"1031.95","922.833","512.133"
1551,0,"1032.06","919.43","512.063"
1552,0,"1032.15","915.861","511.954"
1553,0,"1032.27","912.273","511.843"
1554,0,"1032.32","908.516","511.633"
1555,0,"1032.43","904.702","511.517"
1556,0,"1032.47","900.769","511.333"
1557,0,"1032.61","896.78","511.205"
1558,0,"1032.62","892.66","511.067"
1559,0,"1032.71","888.426","510.937"
1560,0,"1032.78","884.149","510.838"
1561,0,"1032.85","879.668","510.663"
1562,0,"1032.91","875.186","510.573"
1563,0,"1032.97","870.56","510.386"
1564,0,"1033.03","865.806","510.21"
1565,0,"1033.13","861.011","510.056"
1566,0,"1033.13","856.097","509.823"
1567,0,"1033.11","851.097","509.703"
1568,0,"1033.17","845.978","509.539"
1569,0,"1033.16","840.795","509.417"
1570,0,"1033.2","835.479","509.295"
1571,0,"1033.2","830.066","509.115"
1572,0,"1033.23","824.589","509.006"
1573,0,"1033.25","819.017","508.856"
1574,0,"1033.23","813.352","508.731"
1575,0,"1033.23","807.569","508.595"
1576,0,"1033.21","801.69","508.457"
1577,0,"1033.19","795.736","508.379"
1578,0,"1033.15","789.704","508.274"
1579,0,"1033.08","783.575","508.224"
1580,0,"1033.06","777.327","508.118"
1581,0,"1032.99","771.102","508.087"
1582,0,"1032.95","764.691","508.01"
1583,0,"1032.91","758.239","507.951"
1584,0,"1032.85","751.754","507.889"
1585,0,"1032.8","745.181","507.903"
1586,0,"1032.76","738.478","507.848"
1587,0,"1032.71","731.708","507.86"
1588,0,"1032.62","724.882","507.869"
1589,0,"1032.52","717.995","507.884"
1590,0,"1032.46","711.041","507.968"
1591,0,"1032.37","703.971","507.929"
1592,0,"1032.29","696.883","507.957"
1593,0,"1032.2","689.68","507.934"
1594,0,"1032.13","682.439","507.921"
1595,0,"1032.05","675.106","507.873"
1596,0,"1031.96","667.767","507.926"
1597,0,"1031.85","660.34","507.921"
1598,0,"1031.81","652.863","508.022"
1599,0,"1031.7","645.357","508.093"
1600,0,"1031.53","637.793","508.186"
1601,0,"1031.5","630.183","508.225"
1602,0,"1031.39","622.492","508.276"
1603,0,"1031.31","614.751","508.275"
1604,0,"1031.16","607.02","508.339"
1605,0,"1031.11","599.2","508.373"
1606,0,"1030.99","591.41","508.499"
1607,0,"1030.85","583.519","508.585"
1608,0,"1030.72","575.646","508.69"
1609,0,"1030.62","567.729","508.789"
1610,0,"1030.51","559.766","508.901"
1611,0,"1030.41","551.815","509.034"
1612,0,"1030.29","543.842","509.121"
1613,0,"1030.17","535.891","509.196"
1614,0,"1030.07","527.869","509.331"
1615,0,"1029.94","519.825","509.394"
1616,0,"1029.82","511.827","509.532"
1617,0,"1029.76","503.808","509.643"
1618,0,"1029.66","495.824","509.823"
1619,0,"1029.56","487.848","509.939"
1620,0,"1029.44","479.874","510.054"
1621,0,"1029.36","471.923","510.147"
1622,0,"1029.2","463.985","510.261"
1623,0,"1029.09","456.016","510.418"
1624,0,"1028.99","448.127","510.56"
1625,0,"1028.9","440.242","510.732"
1626,0,"1028.75","432.426","510.947"
1627,0,"1028.59","424.523","511.018"
1628,0,"1028.54","416.756","511.272"
1629,0,"1028.46","408.981","511.445"
1630,0,"1028.33","401.295","511.632"
1631,0,"1028.2","393.545","511.781"
1632,0,"1028.16","385.959","512.032"
1633,0,"1028.02","378.317","512.174"
1634,0,"1027.94","370.746","512.409"
1635,0,"1027.8","363.238","512.577"
1636,0,"1027.7","355.816","512.782"
1637,0,"1027.58","348.336","512.919"
1638,0,"1027.54","341.044","513.132"
1639,0,"1027.46","333.753","513.328"
1640,0,"1027.35","326.477","513.493"
1641,0,"1027.3","319.281","513.6"
1642,0,"1027.2","312.142","513.768"
1643,0,"1027.08","305.105","513.924"
1644,0,"1027.01","298.154","514.141"
1645,0,"1026.92","291.265","514.319"
1646,0,"1026.82","284.398","514.442"
1647,0,"1026.71","277.628","514.561"
1648,0,"1026.67","270.927","514.731"
1649,0,"1026.6","264.331","514.862"
1650,0,"1026.48","257.77","514.907"
1651,0,"1026.42","251.406","515.021"
1652,0,"1026.3","244.933","515.078"
1653,0,"1026.2","238.744","515.176"
1654,0,"1026.16","232.519","515.301"
1655,0,"1026.09","226.392","515.382"
1656,0,"1026.03","220.313","515.48"
1657,0,"1025.9","214.372","515.48"
1658,0,"1025.81","208.501","515.468"
1659,0,"1025.72","202.784","515.52"
1660,0,"1025.62","196.97","515.447"
1661,0,"1025.52","191.423","515.465"
1662,0,"1025.45","185.841","515.45"
1663,0,"1025.37","180.377","515.398"
1664,0,"1025.28","175.103","515.376"
1665,0,"1025.2","169.81","515.341"
1666,0,"1025.05","164.706","515.217"
1667,0,"1025.04","159.554","515.169"
1668,0,"1024.93","154.571","515.06"
1669,0,"1024.84","149.701","514.98"
1670,0,"1024.72","144.948","514.874"
1671,0,"1024.64","140.243","514.753"
1672,0,"1024.53","135.684","514.639"
1673,0,"1024.45","131.12","514.561"
1674,0,"1024.35","126.747","514.487"
1675,0,"1024.23","122.347","514.342"
1676,0,"1024.11","118.15","514.313"
1677,0,"1024","113.952","514.151"
1678,0,"1023.88","109.898","514.025"
1679,0,"1023.75","105.908","513.875"
1680,0,"1023.65","101.958","513.728"
1681,0,"1023.51","98.1969","513.534"
1682,0,"1023.42","94.4223","513.48"
1683,0,"1023.31","90.7535","513.327"
1684,0,"1023.18","87.1638","513.247"
1685,0,"1023.03","83.6915","513.152"
1686,0,"1022.92","80.2579","513.04"
1687,0,"1022.8","76.9532","512.958"
1688,0,"1022.64","73.7269","512.773"
1689,0,"1022.54","70.6062","512.712"
1690,0,"1022.42","67.4377","512.58"
1691,0,"1022.28","64.479","512.504"
1692,0,"1022.14","61.5083","512.374"
1693,0,"1022.02","58.6829","512.35"
1694,0,"1021.9","55.8958","512.274"
1695,0,"1021.69","53.2158","512.211"
1696,0,"1021.51","50.5395","512.167"
1697,0,"1021.35","48.0799","512.13"
1698,0,"1021.17","45.567","512.031"
1699,0,"1021.04","43.1826","511.969"
1700,0,"1020.94","40.8719","511.943"
1701,0,"1020.74","38.6028","511.867"
1702,0,"1020.62","36.4029","511.921"
1703,0,"1020.47","34.2482","511.923"
1704,0,"1020.29","32.2221","511.884"
1705,0,"1020.12","30.2383","511.891"
1706,0,"1019.98","28.2739","511.887"
1707,0,"1019.85","26.3874","511.909"
1708,0,"1019.6","24.5953","511.896"
1709,0,"1019.48","22.7785","511.947"
1710,0,"1019.29","21.1297","512.017"
1711,0,"1019.08","19.3602","511.939"
1712,0,"1018.93","17.8007","512.051"
1713,0,"1018.71","16.2201","512.025"
1714,0,"1018.52","14.68","512.08"
1715,0,"1018.28","13.2736","512.067"
1716,0,"1018.06","11.873","512.137"
1717,0,"1017.87","10.4878","512.106"
1718,0,"1017.66","9.18626","512.141"
1719,0,"1017.46","7.91656","512.173"
1720,0,"1017.2","6.69796","512.211"
1721,0,"1016.97","5.48715","512.219"
1722,0,"1016.71","4.37343","512.237"
1723,0,"1016.46","3.25714","512.232"
1724,0,"1016.25","2.18921","512.279"
1725,0,"1015.97","1.20877","512.27"
1726,0,"1015.69","0.239449","512.264"
1727,0,"1015.41","-0.762128","512.219"
1728,0,"1015.08","-1.67857","512.245"
1729,0,"1014.82","-2.59159","512.246"
1730,0,"1014.43","-3.41746","512.259"
1731,0,"1014.04","-4.29288","512.22"
1732,0,"1013.71","-5.08537","512.283"
1733,0,"1013.31","-5.94753","512.196"
1734,0,"1012.92","-6.58408","512.186"
1735,0,"1012.49","-7.31893","512.191"
1736,0,"1012.08","-7.95012","512.278"
1737,0,"1011.63","-8.65457","512.175"
1738,0,"1011.15","-9.27533","512.25"
1739,0,"1010.7","-9.93228","512.273"
1740,0,"1010.16","-10.4616","512.283"
1741,0,"1009.65","-11.1167","512.305"
1742,0,"1009.07","-11.6502","512.334"
1743,0,"1008.43","-12.208","512.291"
1744,0,"1007.82","-12.7035","512.29"
1745,0,"1007.17","-13.2778","512.269"
1746,0,"1006.49","-13.7392","512.259"
1747,0,"1005.8","-14.2752","512.228"
1748,0,"1005.03","-14.6901","512.249"
1749,0,"1004.27","-15.1877","512.228"
1750,0,"1003.37","-15.68","512.231"
1751,0,"1002.5","-16.1181","512.259"
1752,0,"1001.6","-16.4814","512.268"
1753,0,"1000.65","-16.8716","512.183"
1754,0,"999.666","-17.2538","512.17"
1755,0,"998.652","-17.6306","512.102"
1756,0,"997.577","-18.0401","512.059"
1757,0,"996.501","-18.3705","511.999"
1758,0,"995.334","-18.7015","511.963"
1759,0,"994.134","-19.0529","511.904"
1760,0,"992.89","-19.3635","511.884"
1761,0,"991.536","-19.6847","511.823"
1762,0,"990.142","-20.0332","511.784"
1763,0,"988.715","-20.2978","511.712"
1764,0,"987.208","-20.6668","511.62"
1765,0,"985.671","-20.9738","511.564"
1766,0,"984.075","-21.3091","511.536"
1767,0,"982.37","-21.6301","511.435"
1768,0,"980.608","-21.9567","511.36"
1769,0,"978.792","-22.2131","511.332"
1770,0,"976.893","-22.5149","511.314"
1771,0,"974.954","-22.7843","511.277"
1772,0,"972.883","-23.0506","511.259"
1773,0,"970.748","-23.3487","511.187"
1774,0,"968.602","-23.6053","511.168"
1775,0,"966.372","-23.9149","511.141"
1776,0,"964.057","-24.189","511.069"
1777,0,"961.68","-24.4603","511.018"
1778,0,"959.191","-24.6827","510.973"
1779,0,"956.616","-24.957","510.91"
1780,0,"953.984","-25.2101","510.866"
1781,0,"951.249","-25.4796","510.865"
1782,0,"948.422","-25.7178","510.825"
1783,0,"945.545","-26.0021","510.784"
1784,0,"942.518","-26.2374","510.779"
1785,0,"939.466","-26.5348","510.712"
1786,0,"936.354","-26.7887","510.732"
1787,0,"933.107","-27.0189","510.614"
1788,0,"929.819","-27.2652","510.612"
1789,0,"926.413","-27.4968","510.571"
1790,0,"922.855","-27.6924","510.483"
1791,0,"919.274","-27.958","510.441"
1792,0,"915.585","-28.2181","510.429"
1793,0,"911.751","-28.436","510.391"
1794,0,"907.86","-28.6624","510.372"
1795,0,"903.886","-28.8831","510.341"
1796,0,"899.782","-29.1267","510.272"
1797,0,"895.677","-29.3906","510.166"
1798,0,"891.361","-29.546","510.123"
1799,0,"886.981","-29.7888","509.971"
1800,0,"882.516","-29.9828","509.878"
1801,0,"877.954","-30.2059","509.828"
1802,0,"873.25","-30.4126","509.796"
1803,0,"868.509","-30.5953","509.777"
1804,0,"863.641","-30.7724","509.747"
1805,0,"858.675","-30.9304","509.682"
1806,0,"853.62","-31.0688","509.622"
1807,0,"848.471","-31.245","509.477"
1808,0,"843.252","-31.4582","509.35"
1809,0,"837.946","-31.5989","509.259"
1810,0,"832.505","-31.7404","509.183"
1811,0,"826.981","-31.9218","509.084"
1812,0,"821.377","-32.0478","509.054"
1813,0,"815.623","-32.1634","508.983"
1814,0,"809.785","-32.3344","508.911"
1815,0,"803.909","-32.458","508.838"
1816,0,"797.917","-32.6088","508.767"
1817,0,"791.808","-32.6935","508.678"
1818,0,"785.656","-32.7883","508.605"
1819,0,"779.41","-32.9058","508.479"
1820,0,"773.057","-32.9513","508.459"
1821,0,"766.677","-33.1008","508.377"
1822,0,"760.154","-33.1364","508.384"
1823,0,"753.542","-33.2009","508.311"
1824,0,"746.851","-33.241","508.265"
1825,0,"740.126","-33.3411","508.305"
1826,0,"733.275","-33.303","508.252"
1827,0,"726.391","-33.3877","508.253"
1828,0,"719.413","-33.4011","508.257"
1829,0,"712.369","-33.4244","508.213"
1830,0,"705.237","-33.4313","508.182"
1831,0,"698.087","-33.4536","508.217"
1832,0,"690.787","-33.4479","508.232"
1833,0,"683.466","-33.4503","508.264"
1834,0,"676.038","-33.3974","508.367"
1835,0,"668.55","-33.3709","508.466"
1836,0,"661.039","-33.2865","508.555"
1837,0,"653.449","-33.1431","508.643"
1838,0,"645.822","-33.1237","508.756"
1839,0,"638.159","-32.9719","508.895"
1840,0,"630.436","-32.9202","508.955"
1841,0,"622.662","-32.793","509.044"
1842,0,"614.842","-32.6397","509.108"
1843,0,"606.926","-32.519","509.227"
1844,0,"599.002","-32.3751","509.366"
1845,0,"591.063","-32.2094","509.507"
1846,0,"583.034","-32.0376","509.616"
1847,0,"575.001","-31.8464","509.746"
1848,0,"566.978","-31.7107","509.869"
1849,0,"558.874","-31.5297","510.001"
1850,0,"550.781","-31.3307","510.16"
1851,0,"542.668","-31.1528","510.261"
1852,0,"534.559","-30.9948","510.442"
1853,0,"526.397","-30.858","510.589"
1854,0,"518.235","-30.6755","510.782"
1855,0,"510.073","-30.4488","510.946"
1856,0,"501.917","-30.3055","511.145"
1857,0,"493.746","-30.0548","511.378"
1858,0,"485.564","-29.837","511.585"
1859,0,"477.402","-29.6179","511.787"
1860,0,"469.284","-29.4287","511.963"
1861,0,"461.141","-29.195","512.167"
1862,0,"453.067","-29.0665","512.354"
1863,0,"444.923","-28.8704","512.52"
1864,0,"436.859","-28.6364","512.712"
1865,0,"428.776","-28.47","512.891"
1866,0,"420.741","-28.2615","513.118"
1867,0,"412.744","-28.0098","513.298"
1868,0,"404.769","-27.8422","513.445"
1869,0,"396.816","-27.682","513.604"
1870,0,"388.919","-27.5222","513.713"
1871,0,"381.056","-27.352","513.849"
1872,0,"373.348","-26.9301","514.276"
1873,0,"365.601","-26.754","514.417"
1874,0,"357.861","-26.5689","514.553"
1875,0,"350.197","-26.4788","514.643"
1876,0,"342.572","-26.2872","514.767"
1877,0,"335.034","-26.1747","514.82"
1878,0,"327.558","-25.9989","514.898"
1879,0,"320.094","-25.8421","514.96"
1880,0,"312.74","-25.6926","515.03"
1881,0,"305.407","-25.5413","515.066"
1882,0,"298.167","-25.396","515.1"
1883,0,"290.989","-25.2529","515.14"
1884,0,"283.928","-25.1562","515.116"
1885,0,"276.904","-25.0746","515.121"
1886,0,"269.962","-24.9796","515.135"
1887,0,"263.102","-24.8823","515.141"
1888,0,"256.343","-24.851","515.121"
1889,0,"249.672","-24.7711","515.106"
1890,0,"243.093","-24.755","515.091"
1891,0,"236.612","-24.669","515.073"
1892,0,"230.211","-24.6545","515.057"
1893,0,"223.897","-24.6144","515.05"
1894,0,"217.66","-24.5824","515.02"
1895,0,"211.528","-24.5798","514.994"
1896,0,"205.495","-24.5613","514.978"
1897,0,"199.516","-24.5762","514.892"
1898,0,"193.658","-24.5558","514.842"
1899,0,"187.859","-24.614","514.765"
1900,0,"182.183","-24.6399","514.665"
1901,0,"176.591","-24.7054","514.556"
1902,0,"171.118","-24.7582","514.434"
1903,0,"165.724","-24.7819","514.353"
1904,0,"160.427","-24.8645","514.243"
1905,0,"155.279","-24.883","514.201"
1906,0,"150.178","-24.9282","514.126"
1907,0,"145.245","-24.966","514.047"
1908,0,"140.35","-25.0288","513.946"
1909,0,"135.572","-25.107","513.797"
1910,0,"130.872","-25.1931","513.692"
1911,0,"126.311","-25.2741","513.533"
1912,0,"121.833","-25.3815","513.45"
1913,0,"117.462","-25.4855","513.297"
1914,0,"113.193","-25.6224","513.203"
1915,0,"109.046","-25.7493","513.075"
1916,0,"104.973","-25.864","512.929"
1917,0,"101.016","-26.0022","512.806"
1918,0,"97.1763","-26.0917","512.685"
1919,0,"93.4394","-26.1877","512.621"
1920,0,"89.7789","-26.3199","512.53"
1921,0,"86.2293","-26.4802","512.424"
1922,0,"82.7926","-26.6414","512.316"
1923,0,"79.42","-26.7932","512.211"
1924,0,"76.1921","-26.974","512.031"
1925,0,"73.0156","-27.111","511.926"
1926,0,"69.9411","-27.2982","511.764"
1927,0,"66.9799","-27.3977","511.668"
1928,0,"64.1344","-27.523","511.512"
1929,0,"61.3392","-27.6696","511.419"
1930,0,"58.6523","-27.7926","511.268"
1931,0,"56.0693","-27.9063","511.135"
1932,0,"53.5292","-28.0335","511.022"
1933,0,"51.0862","-28.2127","510.848"
1934,0,"48.7195","-28.3131","510.734"
1935,0,"46.4345","-28.4822","510.596"
1936,0,"44.2557","-28.5725","510.472"
1937,0,"42.1839","-28.6599","510.296"
1938,0,"40.1454","-28.7341","510.169"
1939,0,"38.1961","-28.8362","510.014"
1940,0,"36.3089","-28.9074","509.879"
1941,0,"34.5177","-29.0364","509.695"
1942,0,"32.7121","-29.0938","509.557"
1943,0,"31.0188","-29.1852","509.425"
1944,0,"29.4064","-29.2004","509.309"
1945,0,"27.8057","-29.1906","509.19"
1946,0,"26.2953","-29.1756","509.051"
1947,0,"24.852","-29.1571","508.922"
1948,0,"23.4703","-29.1709","508.741"
1949,0,"22.1297","-29.1417","508.534"
1950,0,"20.8469","-29.1235","508.319"
1951,0,"19.5759","-29.0895","508.095"
1952,0,"18.4082","-29.0589","507.889"
1953,0,"17.2166","-29.0114","507.703"
1954,0,"16.1039","-28.9794","507.484"
1955,0,"15.0026","-28.8695","507.27"
1956,0,"13.9817","-28.7875","507.023"
1957,0,"13.0166","-28.6419","506.754"
1958,0,"12.0551","-28.5191","506.503"
1959,0,"11.1685","-28.4032","506.176"
1960,0,"10.2753","-28.2986","505.824"
1961,0,"9.41101","-28.2327","505.422"
1962,0,"8.56947","-28.1463","505.043"
1963,0,"7.77366","-28.0103","504.651"
1964,0,"7.02794","-27.8481","504.216"
1965,0,"6.27808","-27.6608","503.817"
1966,0,"5.58219","-27.4916","503.331"
1967,0,"4.89472","-27.2995","502.822"
1968,0,"4.22793","-27.0953","502.245"
1969,0,"3.60887","-26.9041","501.673"
1970,0,"3.00108","-26.7078","501.045"
1971,0,"2.39194","-26.5648","500.346"
1972,0,"1.81872","-26.3659","499.632"
1973,0,"1.23256","-26.2029","498.83"
1974,0,"0.687402","-25.9991","497.973"
1975,0,"0.117938","-25.7666","497.103"
1976,0,"-0.373826","-25.5985","496.139"
1977,0,"-0.914056","-25.3293","495.21"
1978,0,"-1.42506","-25.125","494.189"
1979,0,"-1.86987","-24.8662","493.13"
1980,0,"-2.35433","-24.6263","492.016"
1981,0,"-2.79571","-24.4122","490.787"
1982,0,"-3.24352","-24.1723","489.511"
1983,0,"-3.69704","-23.9877","488.14"
1984,0,"-4.14711","-23.7643","486.724"
1985,0,"-4.61363","-23.567","485.224"
1986,0,"-5.04182","-23.3392","483.676"
1987,0,"-5.49377","-23.1797","482.065"
1988,0,"-5.91849","-22.9189","480.406"
1989,0,"-6.34193","-22.7362","478.647"
1990,0,"-6.73138","-22.4774","476.837"
1991,0,"-7.13474","-22.2496","474.956"
1992,0,"-7.51853","-22.0553","472.974"
1993,0,"-7.8993","-21.8484","470.874"
1994,0,"-8.31619","-21.6576","468.727"
1995,0,"-8.71662","-21.5098","466.471"
1996,0,"-9.11309","-21.3101","464.192"
1997,0,"-9.49648","-21.1338","461.839"
1998,0,"-9.87769","-20.9419","459.423"
1999,0,"-10.2726","-20.7529","456.94"
2000,0,"-10.6777","-20.5625","454.347"
2001,0,"-11.046","-20.4414","451.597"
2002,0,"-11.4073","-20.255","448.807"
2003,0,"-11.7954","-20.1042","445.926"
2004,0,"-12.1283","-19.9382","442.906"
2005,0,"-12.5011","-19.7901","439.847"
2006,0,"-12.9111","-19.6507","436.751"
2007,0,"-13.2856","-19.5202","433.528"
2008,0,"-13.638","-19.3877","430.241"
2009,0,"-14.0017","-19.25","426.895"
2010,0,"-14.3644","-19.1612","423.436"
2011,0,"-14.7251","-19.0218","419.868"
2012,0,"-15.0686","-18.8815","416.187"
2013,0,"-15.3929","-18.7647","412.404"
2014,0,"-15.7194","-18.6641","408.54"
2015,0,"-16.0656","-18.5544","404.661"
2016,0,"-16.3829","-18.4526","400.665"
2017,0,"-16.692","-18.3622","396.665"
2018,0,"-17.0001","-18.2728","392.601"
2019,0,"-17.3283","-18.1836","388.427"
2020,0,"-17.63","-18.0816","384.189"
2021,0,"-17.9638","-18.0227","379.827"
2022,0,"-18.2568","-17.936","375.405"
2023,0,"-18.5574","-17.8703","370.897"
2024,0,"-18.849","-17.846","366.327"
2025,0,"-19.141","-17.7658","361.735"
2026,0,"-19.408","-17.7316","357.075"
2027,0,"-19.68","-17.6605","352.396"
2028,0,"-19.9626","-17.5947","347.686"
2029,0,"-20.2266","-17.5357","342.892"
2030,0,"-20.4811","-17.4323","338.076"
2031,0,"-20.7229","-17.3544","333.214"
2032,0,"-20.968","-17.2536","328.293"
2033,0,"-21.2231","-17.201","323.277"
2034,0,"-21.4754","-17.1481","318.233"
2035,0,"-21.7315","-17.1283","313.126"
2036,0,"-21.9557","-17.1064","307.991"
2037,0,"-22.1946","-17.0742","302.848"
2038,0,"-22.4214","-17.0183","297.637"
2039,0,"-22.663","-16.9414","292.5"
2040,0,"-22.8682","-16.8329","287.333"
2041,0,"-23.0953","-16.7432","282.161"
2042,0,"-23.2875","-16.645","276.933"
2043,0,"-23.5195","-16.5403","271.704"
2044,0,"-23.7502","-16.4697","266.47"
2045,0,"-23.9658","-16.3875","261.216"
2046,0,"-24.1919","-16.3349","255.889"
2047,0,"-24.4086","-16.293","250.606"
2048,0,"-24.5765","-16.1994","245.265"
2049,0,"-24.7989","-16.1373","240.004"
2050,0,"-24.9841","-15.9977","234.744"
2051,0,"-25.1829","-15.9003","229.52"
2052,0,"-25.3592","-15.7301","224.366"
2053,0,"-25.5616","-15.5864","219.217"
2054,0,"-25.7506","-15.4148","214.127"
2055,0,"-25.8976","-15.3089","209.033"
2056,0,"-26.0757","-15.1484","203.984"
2057,0,"-26.261","-14.9747","199.001"
2058,0,"-26.4044","-14.915","193.972"
2059,0,"-26.549","-14.7533","189.026"
2060,0,"-26.6969","-14.6219","184.119"
2061,0,"-26.8562","-14.476","179.302"
2062,0,"-27.0096","-14.3137","174.508"
2063,0,"-27.0944","-14.1243","169.854"
2064,0,"-27.24","-13.9128","165.21"
2065,0,"-27.3347","-13.7476","160.631"
2066,0,"-27.4353","-13.5426","156.135"
2067,0,"-27.506","-13.324","151.667"
2068,0,"-27.6145","-13.0666","147.281"
2069,0,"-27.705","-12.9133","142.877"
2070,0,"-27.7768","-12.6812","138.571"
2071,0,"-27.8211","-12.4727","134.282"
2072,0,"-27.8678","-12.2696","130.082"
2073,0,"-27.9525","-12.078","125.912"
2074,0,"-28.0145","-11.8923","121.843"
2075,0,"-28.0876","-11.7279","117.781"
2076,0,"-28.103","-11.45","113.852"
2077,0,"-28.1178","-11.2021","109.95"
2078,0,"-28.168","-10.9965","106.112"
2079,0,"-28.1333","-10.7137","102.295"
2080,0,"-28.1307","-10.4354","98.6195"
2081,0,"-28.1561","-10.1772","94.9578"
2082,0,"-28.1808","-9.91676","91.3909"
2083,0,"-28.1992","-9.63777","87.9053"
2084,0,"-28.1532","-9.39377","84.4753"
2085,0,"-28.1422","-9.09225","81.0979"
2086,0,"-28.1127","-8.84488","77.7691"
2087,0,"-28.0508","-8.55366","74.536"
2088,0,"-28.0365","-8.25106","71.3829"
2089,0,"-27.958","-7.93494","68.3518"
2090,0,"-27.9404","-7.5877","65.3814"
2091,0,"-27.9159","-7.21288","62.4926"
2092,0,"-27.8637","-6.92675","59.6262"
2093,0,"-27.8519","-6.53936","56.925"
2094,0,"-27.8127","-6.2178","54.2033"
2095,0,"-27.7224","-5.8074","51.604"
2096,0,"-27.7004","-5.47158","48.9548"
2097,0,"-27.6514","-5.11583","46.1919"
2098,0,"-27.6259","-4.77091","43.3444"
2099,0,"-27.5758","-4.40895","40.3193"
2100,0,"-27.5115","-4.06682","37.1695"
2101,0,"-27.4338","-3.71617","33.8033"
2102,0,"-27.3393","-3.32579","30.2074"
2103,0,"-27.2413","-2.99865","26.2943"
2104,0,"-27.0845","-2.65624","22.1499"
2105,0,"-26.9888","-2.35965","17.6855"
2106,0,"-26.9393","-1.98149","13.5219"
2107,0,"-27.1096","-1.37041","11.5662"
2108,0,"-27.2944","-1.01683","12.1221"
2109,0,"-27.4109","-0.736441","12.3015"
2110,0,"-27.5311","-0.48949","12.1138"
2111,0,"-27.6029","-0.270429","11.8556"
2112,0,"-27.7236","-0.00154687","11.3366"
2113,0,"-27.8447","0.159554","11.4666"
2114,0,"-27.9229","0.3078","11.426"
2115,0,"-27.977","0.403326","11.3765"
2116,0,"-28.0184","0.439173","11.51"
2117,0,"-28.0431","0.411559","11.4395"
2118,0,"-28.021","0.354173","11.5614"
2119,0,"-28.0631","0.374755","11.5669"
2120,0,"-28.0761","0.403717","11.5251"
2121,0,"-28.0572","0.416923","11.4835"
2122,0,"-28.0193","0.405005","11.4142"
2123,0,"-27.9828","0.392249","11.422"
2124,0,"-27.9803","0.339274","11.3567"
2125,0,"-28.0117","0.323092","11.3165"
2126,0,"-28.0142","0.318417","11.3567"
2127,0,"-28.0637","0.326262","11.3767"
2128,0,"-28.0557","0.335325","11.4224"
2129,0,"-28.1024","0.358696","11.4323"
2130,0,"-28.0663","0.409825","11.4916"
2131,0,"-28.0503","0.431418","11.4894"
2132,0,"-28.0043","0.423024","11.4894"
2133,0,"-28.0009","0.369756","11.4447"
2134,0,"-28.0102","0.357082","11.415"
2135,0,"-28.0026","0.325409","11.3661"
2136,0,"-28.025","0.320969","11.3523"
2137,0,"-28.0488","0.326891","11.3816"
2138,0,"-28.0193","0.338686","11.4088"
2139,0,"-28.0379","0.356525","11.394"
2140,0,"-28.0526","0.362378","11.4168"
2141,0,"-28.0249","0.406242","11.4544"
2142,0,"-28.0246","0.421761","11.4621"
2143,0,"-28.0075","0.422146","11.4576"
2144,0,"-28.0017","0.42944","11.496"
2145,0,"-27.9901","0.441891","11.4975"
2146,0,"-27.9937","0.429284","11.4913"
2147,0,"-28.0712","0.422217","11.4886"
2148,0,"-28.0328","0.378998","11.434"
2149,0,"-28.0258","0.35561","11.4001"
2150,0,"-28.0225","0.35476","11.3385"
2151,0,"-28.0314","0.345328","11.3438"
2152,0,"-28.0223","0.325884","11.3809"
2153,0,"-28.0298","0.373949","11.4074"
2154,0,"-28.0228","0.412656","11.5015"
2155,0,"-27.9945","0.460969","11.542"
2156,0,"-28.0047","0.490835","11.5725"
2157,0,"-28.0214","0.467061","11.5504"
2158,0,"-28.0446","0.432203","11.4614"
2159,0,"-28.0232","0.412972","11.3988"
2160,0,"-28.0158","0.354382","11.3522"
2161,0,"-28.0321","0.310543","11.3232"
2162,0,"-28.0496","0.308214","11.3087"
2163,0,"-28.061","0.313139","11.3542"
2164,0,"-28.0553","0.364651","11.3891"
2165,0,"-28.0627","0.37234","11.4595"
2166,0,"-28.1","0.405004","11.4429"
2167,0,"-28.0358","0.415274","11.4965"
2168,0,"-28.0268","0.425595","11.4627"
2169,0,"-28.0031","0.405709","11.4591"
2170,0,"-27.9946","0.433114","11.428"
2171,0,"-28.0191","0.382111","11.4119"
2172,0,"-28.0351","0.356612","11.3836"
2173,0,"-28.0623","0.319402","11.3427"
2174,0,"-28.0902","0.364561","11.364"
2175,0,"-28.0678","0.32099","11.3692"
2176,0,"-28.0523","0.351306","11.369"
2177,0,"-28.0409","0.351386","11.3857"
2178,0,"-28.0459","0.380251","11.4128"
2179,0,"-28.013","0.395511","11.395"
2180,0,"-28.0079","0.426209","11.4406"
2181,0,"-28","0.4287","11.4743"
2182,0,"-27.9921","0.39632","11.4524"
2183,0,"-28.0617","0.356142","11.4194"
2184,0,"-28.0638","0.351619","11.3968"
2185,0,"-28.0815","0.355277","11.39"
2186,0,"-28.0688","0.352364","11.3924"
2187,0,"-28.0261","0.396384","11.3964"
2188,0,"-28.0274","0.3981","11.4302"
2189,0,"-28.0036","0.40963","11.4324"
2190,0,"-27.99","0.400913","11.4289"
2191,0,"-27.9666","0.415721","11.4181"
2192,0,"-27.9822","0.424989","11.4495"
2193,0,"-28.0034","0.427231","11.488"
2194,0,"-28.0235","0.426716","11.5016"
2195,0,"-28.0505","0.432356","11.4703"
2196,0,"-28.0337","0.360199","11.457"
2197,0,"-28.0556","0.329163","11.4309"
2198,0,"-28.053","0.318853","11.3942"
2199,0,"-28.0226","0.340875","11.3881"
2200,0,"-28.0045","0.36736","11.396"
2201,0,"-27.9878","0.412218","11.4216"
2202,0,"-28.0351","0.454058","11.3857"
2203,0,"-27.9867","0.475344","11.4521"
2204,0,"-28.0169","0.465534","11.4974"
2205,0,"-28.0186","0.465648","11.5455"
2206,0,"-28.0175","0.422248","11.532"
2207,0,"-28.0147","0.406364","11.532"
2208,0,"-28.0219","0.334376","11.4438"
2209,0,"-28.0368","0.319609","11.3851"
2210,0,"-28.0337","0.28838","11.2498"
2211,0,"-28.0285","0.282653","11.2902"
2212,0,"-28.0269","0.283218","11.2384"
2213,0,"-28.0194","0.349963","11.3413"
2214,0,"-28.0318","0.353979","11.3549"
2215,0,"-28.0332","0.453554","11.4553"
2216,0,"-28.0367","0.454061","11.5057"
2217,0,"-28.0367","0.440872","11.5084"
2218,0,"-28.0387","0.418746","11.5029"
2219,0,"-28.0583","0.44281","11.4661"
2220,0,"-28.0425","0.355129","11.4184"
2221,0,"-28.0342","0.359695","11.3371"
2222,0,"-28.0759","0.333654","11.3118"
2223,0,"-28.0156","0.329341","11.2507"
2224,0,"-28.0276","0.347648","11.2753"
2225,0,"-28.034","0.389109","11.3113"
2226,0,"-28.0288","0.4115","11.4076"
2227,0,"-28.0316","0.423515","11.4857"
2228,0,"-28.0395","0.406062","11.5496"
2229,0,"-28.0344","0.367602","11.5494"
2230,0,"-28.0654","0.351235","11.5097"
2231,0,"-28.0772","0.330451","11.4368"
2232,0,"-28.0642","0.337325","11.3426"
2233,0,"-28.0383","0.327516","11.3111"
2234,0,"-28.0139","0.340263","11.281"
2235,0,"-28.0028","0.352891","11.2836"
2236,0,"-27.9977","0.368917","11.2952"
2237,0,"-28.0083","0.411994","11.4086"
2238,0,"-28.0155","0.411549","11.4938"
2239,0,"-28.0155","0.426354","11.5416"
2240,0,"-28.0842","0.477891","11.5717"
2241,0,"-28.0086","0.457267","11.6078"
2242,0,"-28.0547","0.440744","11.5475"
2243,0,"-28.0055","0.431645","11.4392"
2244,0,"-27.9839","0.387563","11.3841"
2245,0,"-27.9866","0.358652","11.3295"
2246,0,"-27.9801","0.325434","11.2324"
2247,0,"-28.012","0.336706","11.2869"
2248,0,"-28.0247","0.344136","11.3717"
2249,0,"-28.0412","0.364689","11.4515"
2250,0,"-28.0357","0.393163","11.5211"
2251,0,"-28.0508","0.426989","11.5765"
2252,0,"-28.032","0.443695","11.6004"
2253,0,"-27.9991","0.49439","11.5631"
2254,0,"-27.9744","0.462925","11.4852"
2255,0,"-27.9721","0.459917","11.4483"
2256,0,"-27.9636","0.395532","11.3596"
2257,0,"-27.9633","0.364183","11.3155"
2258,0,"-27.9995","0.32218","11.3107"
2259,0,"-28.0194","0.29997","11.3548"
2260,0,"-28.0326","0.3189","11.4048"
2261,0,"-28.0371","0.329517","11.4266"
2262,0,"-28.0547","0.399053","11.491"
2263,0,"-28.0577","0.427374","11.5028"
2264,0,"-28.0231","0.432499","11.4603"
2265,0,"-28.0519","0.464145","11.474"
2266,0,"-28.0195","0.435191","11.4534"
2267,0,"-28.0116","0.423058","11.4321"
2268,0,"-27.9999","0.36901","11.3769"
2269,0,"-28.0014","0.348354","11.3146"
2270,0,"-28.0162","0.286828","11.3079"
2271,0,"-28.032","0.305184","11.3491"
2272,0,"-28.029","0.361542","11.3862"
2273,0,"-28.029","0.399888","11.4438"
2274,0,"-28.0333","0.42533","11.4795"
2275,0,"-28.0027","0.425561","11.4828"
2276,0,"-28.0075","0.423556","11.4708"
2277,0,"-28.0749","0.457742","11.4732"
2278,0,"-28.0198","0.405065","11.4797"
2279,0,"-28.0187","0.360021","11.413"
2280,0,"-28.0284","0.349327","11.4015"
2281,0,"-28.027","0.334041","11.354"
2282,0,"-28.0636","0.319728","11.3019"
2283,0,"-28.0212","0.303754","11.3448"
2284,0,"-28.0109","0.330201","11.3513"
2285,0,"-28.0091","0.371048","11.4113"
2286,0,"-28.0231","0.422501","11.4852"
2287,0,"-28.0099","0.438941","11.496"
2288,0,"-27.9955","0.467351","11.5421"
2289,0,"-27.9985","0.455767","11.5579"
2290,0,"-27.9878","0.437128","11.5238"
2291,0,"-28.0079","0.423581","11.4825"
2292,0,"-27.9866","0.384431","11.421"
2293,0,"-27.9891","0.369633","11.3738"
2294,0,"-27.9892","0.353562","11.3386"
2295,0,"-28.0552","0.328117","11.3183"
2296,0,"-28.0226","0.340277","11.3865"
2297,0,"-28.0251","0.349042","11.432"
2298,0,"-28.0198","0.356509","11.4771"
2299,0,"-28.0031","0.41296","11.5099"
2300,0,"-27.9796","0.436589","11.5345"
2301,0,"-27.9777","0.463824","11.5212"
2302,0,"-27.9724","0.452281","11.5143"
2303,0,"-27.9772","0.428309","11.4987"
2304,0,"-27.973","0.397753","11.45"
2305,0,"-28.0131","0.341587","11.3812"
2306,0,"-28.0871","0.299983","11.3227"
2307,0,"-28.0257","0.330377","11.3706"
2308,0,"-28.0208","0.346595","11.3788"
2309,0,"-28.0137","0.375998","11.4218"
2310,0,"-28.0188","0.399239","11.4356"
2311,0,"-28.015","0.416132","11.4488"
2312,0,"-28.0049","0.398863","11.46"
2313,0,"-27.9867","0.391993","11.4617"
2314,0,"-27.9881","0.38405","11.4805"
2315,0,"-28.0155","0.381825","11.487"
2316,0,"-28.023","0.371747","11.476"
2317,0,"-28.0398","0.355503","11.4498"
2318,0,"-28.0365","0.353863","11.3955"
2319,0,"-28.0173","0.344301","11.3426"
