Time,TX,TY,TZ
0,"11.685","22.8151","11.7079"
0.00833333,"11.7088","22.8352","11.7098"
0.0166667,"11.7199","22.8448","11.7395"
0.025,"11.7139","22.8458","11.7056"
0.0333333,"11.7074","22.8307","11.6802"
0.0416667,"11.6889","22.8269","11.6705"
0.05,"11.6955","22.8228","11.6497"
0.0583333,"11.7179","22.8368","11.6672"
0.0666667,"11.7182","22.8474","11.7136"
0.075,"11.6998","22.854","11.7474"
0.0833333,"11.701","22.8529","11.7374"
0.0916667,"11.6785","22.834","11.7004"
0.1,"11.669","22.8195","11.6866"
0.108333,"11.674","22.8069","11.6639"
0.116667,"11.6981","22.8123","11.6571"
0.125,"11.7026","22.8062","11.6523"
0.133333,"11.6956","22.7963","11.6597"
0.141667,"11.7138","22.8218","11.6872"
0.15,"11.7013","22.8179","11.6885"
0.158333,"11.7145","22.8453","11.7289"
0.166667,"11.6967","22.8625","11.7451"
0.175,"11.7026","22.8741","11.7619"
0.183333,"11.7003","22.8836","11.7482"
0.191667,"11.726","22.8741","11.7295"
0.2,"11.7299","22.8475","11.7039"
0.208333,"11.705","22.816","11.6655"
0.216667,"11.6948","22.8103","11.6521"
0.225,"11.6976","22.7935","11.6525"
0.233333,"11.667","22.7993","11.6623"
0.241667,"11.6801","22.8038","11.6825"
0.25,"11.6757","22.8234","11.6931"
0.258333,"11.6572","22.8169","11.7044"
0.266667,"11.6761","22.8395","11.695"
0.275,"11.6919","22.8468","11.687"
0.283333,"11.7187","22.8569","11.7145"
0.291667,"11.731","22.8785","11.7345"
0.3,"11.7467","22.8738","11.7485"
0.308333,"11.7391","22.85","11.7226"
0.316667,"11.7217","22.8201","11.7141"
0.325,"11.6869","22.8078","11.694"
0.333333,"11.698","22.8189","11.6733"
0.341667,"11.7039","22.8283","11.6803"
0.35,"11.7123","22.8357","11.6883"
0.358333,"11.6876","22.8209","11.68"
0.366667,"11.694","22.8199","11.6409"
0.375,"11.718","22.8323","11.6423"
0.383333,"11.6799","22.8238","11.6643"
0.391667,"11.694","22.8165","11.6964"
0.4,"11.6991","22.8527","11.7202"
0.408333,"11.6786","22.8463","11.7438"
0.416667,"11.6797","22.8489","11.7481"
0.425,"11.6792","22.8623","11.7294"
0.433333,"11.6956","22.8515","11.7277"
0.441667,"11.6952","22.8336","11.6876"
0.45,"11.7134","22.8518","11.6955"
0.458333,"11.7147","22.8357","11.6711"
0.466667,"11.6955","22.8458","11.6649"
0.475,"11.6954","22.8529","11.667"
0.483333,"11.7141","22.8597","11.6607"
0.491667,"11.6867","22.8471","11.6931"
0.5,"11.6757","22.83","11.7246"
0.508333,"11.668","22.8316","11.7297"
0.516667,"11.6682","22.8261","11.7086"
0.525,"11.6589","22.8129","11.6747"
0.533333,"11.6692","22.8016","11.6569"
0.541667,"11.6915","22.7914","11.6311"
0.55,"11.6977","22.7921","11.6392"
0.558333,"11.6847","22.8068","11.6677"
0.566667,"11.693","22.8134","11.6811"
0.575,"11.7052","22.8357","11.7042"
0.583333,"11.7097","22.8523","11.7114"
0.591667,"11.6936","22.8651","11.7463"
0.6,"11.7085","22.8652","11.7539"
0.608333,"11.6955","22.8569","11.7169"
0.616667,"11.7033","22.8501","11.7087"
0.625,"11.7016","22.8392","11.6764"
0.633333,"11.7128","22.8311","11.6486"
0.641667,"11.7035","22.8012","11.6439"
0.65,"11.6899","22.8012","11.6387"
0.658333,"11.703","22.8018","11.6691"
0.666667,"11.6833","22.804","11.6763"
0.675,"11.6851","22.8241","11.7119"
0.683333,"11.6866","22.8228","11.7276"
0.691667,"11.6857","22.8265","11.7432"
0.7,"11.6877","22.8334","11.7575"
0.708333,"11.702","22.8474","11.7341"
0.716667,"11.7097","22.8603","11.7259"
0.725,"11.7216","22.8763","11.6831"
0.733333,"11.738","22.8641","11.6832"
0.741667,"11.7285","22.8463","11.6819"
0.75,"11.7382","22.826","11.6646"
0.758333,"11.6997","22.8173","11.6703"
0.766667,"11.6877","22.8115","11.705"
0.775,"11.68","22.828","11.7227"
0.783333,"11.6888","22.8268","11.7426"
0.791667,"11.6776","22.8382","11.7428"
0.8,"11.6872","22.845","11.7308"
0.808333,"11.6963","22.8567","11.7082"
0.816667,"11.6964","22.8389","11.6606"
0.825,"11.7035","22.8244","11.6306"
0.833333,"11.6697","22.8143","11.6644"
0.841667,"11.6875","22.8202","11.6867"
0.85,"11.6795","22.8194","11.7076"
0.858333,"11.6891","22.8442","11.7442"
0.866667,"11.6845","22.8344","11.7465"
0.875,"11.7024","22.8593","11.7104"
0.883333,"11.6783","22.8377","11.6519"
0.891667,"11.7147","22.8302","11.6305"
0.9,"11.6798","22.8287","11.631"
0.908333,"11.6997","22.8273","11.629"
0.916667,"11.6857","22.8031","11.6112"
0.925,"11.6582","22.8062","11.6915"
0.933333,"11.666","22.8031","11.7322"
0.941667,"11.644","22.808","11.7236"
0.95,"11.6128","22.784","11.6911"
0.958333,"11.6306","22.7382","11.6782"
0.966667,"11.6723","22.8067","11.6848"
0.975,"11.6935","22.8123","11.678"
0.983333,"11.7669","22.8553","11.6525"
0.991667,"11.7962","22.8726","11.6224"
1,"11.8556","22.9346","11.6507"
1.00833,"11.8987","22.9582","11.6866"
1.01667,"11.9058","22.9844","11.7036"
1.025,"11.9359","23.0011","11.7385"
1.03333,"11.9506","23.0072","11.741"
1.04167,"11.9951","23.0498","11.7258"
1.05,"12.0199","23.0641","11.7179"
1.05833,"12.0587","23.1509","11.6767"
1.06667,"12.0652","23.2497","11.6954"
1.075,"12.0719","23.343","11.7405"
1.08333,"12.0754","23.4384","11.7358"
1.09167,"12.0631","23.5342","11.7271"
1.1,"12.0903","23.6972","11.7465"
1.10833,"12.0719","23.8324","11.7732"
1.11667,"12.0253","23.9752","11.8502"
1.125,"12.0245","24.1243","11.8657"
1.13333,"11.9646","24.2967","11.8866"
1.14167,"11.9645","24.4289","11.8176"
1.15,"11.908","24.5815","11.7924"
1.15833,"11.8337","24.6546","11.8136"
1.16667,"11.7692","24.7394","11.8801"
1.175,"11.7051","24.8639","11.8267"
1.18333,"11.5936","24.9519","11.7272"
1.19167,"11.5203","25.0208","11.7998"
1.2,"11.4233","25.1066","11.7722"
1.20833,"11.329","25.1985","11.8109"
1.21667,"11.2364","25.2479","11.7661"
1.225,"11.2","25.3222","11.7473"
1.23333,"11.1177","25.4222","11.7992"
1.24167,"11.0677","25.5585","11.7414"
1.25,"10.9976","25.6972","11.7362"
1.25833,"10.9282","25.8308","11.7843"
1.26667,"10.8636","25.9847","11.8482"
1.275,"10.8122","26.1516","11.8014"
1.28333,"10.7205","26.2919","11.7713"
1.29167,"10.691","26.4622","11.7692"
1.3,"10.6302","26.5987","11.7712"
1.30833,"10.5631","26.7038","11.7697"
1.31667,"10.5193","26.8638","11.7893"
1.325,"10.4738","27.0079","11.8026"
1.33333,"10.4369","27.1349","11.7611"
1.34167,"10.3614","27.3152","11.804"
1.35,"10.3363","27.489","11.7908"
1.35833,"10.3147","27.6578","11.7763"
1.36667,"10.2808","27.8748","11.8629"
1.375,"10.2466","28.1224","11.9013"
1.38333,"10.237","28.3559","11.8801"
1.39167,"10.236","28.5847","11.8381"
1.4,"10.2487","28.8022","11.9133"
1.40833,"10.2751","28.9792","11.9136"
1.41667,"10.2614","29.1721","11.9376"
1.425,"10.3119","29.3122","11.8626"
1.43333,"10.3436","29.4974","11.8163"
1.44167,"10.3824","29.6816","11.8468"
1.45,"10.4257","29.8808","11.8978"
1.45833,"10.4556","30.0837","11.9501"
1.46667,"10.5202","30.3515","12.0199"
1.475,"10.5396","30.5999","12.1004"
1.48333,"10.6254","30.8314","12.1371"
1.49167,"10.6454","31.0508","12.2432"
1.5,"10.7248","31.3351","12.3948"
1.50833,"10.7864","31.5478","12.5457"
1.51667,"10.8993","31.7881","12.7355"
1.525,"11.0188","32.0008","12.9436"
1.53333,"11.1599","32.2194","13.2559"
1.54167,"11.345","32.4594","13.5953"
1.55,"11.4835","32.6672","13.9981"
1.55833,"11.6736","32.9116","14.5005"
1.56667,"11.9316","33.1626","15.1318"
1.575,"12.1543","33.4123","15.844"
1.58333,"12.4752","33.5865","16.6167"
1.59167,"12.7378","33.8175","17.4984"
1.6,"13.0518","33.9916","18.3471"
1.60833,"13.3981","34.2256","19.3402"
1.61667,"13.7621","34.4243","20.3618"
1.625,"14.1427","34.6461","21.5252"
1.63333,"14.5797","34.9059","22.7722"
1.64167,"14.9991","35.1194","24.1084"
1.65,"15.3957","35.3082","25.4392"
1.65833,"15.9136","35.559","26.8953"
1.66667,"16.3441","35.762","28.438"
1.675,"16.8271","35.9533","30.0176"
1.68333,"17.3123","36.1633","31.7168"
1.69167,"17.8359","36.336","33.4477"
1.7,"18.3973","36.5116","35.2901"
1.70833,"18.9357","36.6713","37.1829"
1.71667,"19.5291","36.8151","39.1093"
1.725,"20.1069","36.9334","41.0787"
1.73333,"20.6664","37.0282","43.1742"
1.74167,"21.2568","37.096","45.2958"
1.75,"21.8248","37.1681","47.5389"
1.75833,"22.3666","37.2729","49.8481"
1.76667,"22.9544","37.3205","52.2086"
1.775,"23.5218","37.4196","54.6505"
1.78333,"24.0968","37.4842","57.1624"
1.79167,"24.6848","37.5008","59.6569"
1.8,"25.2261","37.5682","62.2313"
1.80833,"25.8649","37.6566","64.9003"
1.81667,"26.3807","37.7723","67.6739"
1.825,"26.9717","37.8706","70.564"
1.83333,"27.5605","37.9322","73.4456"
1.84167,"28.1117","38.0369","76.4454"
1.85,"28.6439","38.0437","79.4342"
1.85833,"29.1869","38.1379","82.4531"
1.86667,"29.7128","38.1777","85.5102"
1.875,"30.2667","38.2329","88.6337"
1.88333,"30.8438","38.2357","91.7694"
1.89167,"31.3968","38.256","94.951"
1.9,"31.9034","38.2833","98.232"
1.90833,"32.4186","38.3036","101.538"
1.91667,"32.9453","38.336","104.916"
1.925,"33.4791","38.3452","108.353"
1.93333,"33.9784","38.3682","111.817"
1.94167,"34.4892","38.358","115.28"
1.95,"34.9675","38.333","118.734"
1.95833,"35.5316","38.3545","122.239"
1.96667,"35.9718","38.3253","125.769"
1.975,"36.4473","38.2855","129.311"
1.98333,"36.9126","38.2418","132.907"
1.99167,"37.3707","38.2309","136.564"
2,"37.8195","38.1861","140.25"
2.00833,"38.2288","38.1458","143.968"
2.01667,"38.64","38.0272","147.657"
2.025,"39.0588","37.9355","151.391"
2.03333,"39.4425","37.8463","155.134"
2.04167,"39.8574","37.7713","158.926"
2.05,"40.251","37.676","162.749"
2.05833,"40.6531","37.6331","166.611"
2.06667,"41.0175","37.5381","170.532"
2.075,"41.3637","37.4104","174.402"
2.08333,"41.6989","37.2897","178.313"
2.09167,"42.0348","37.1782","182.29"
2.1,"42.3465","37.0457","186.296"
2.10833,"42.674","36.9415","190.328"
2.11667,"42.9864","36.7717","194.338"
2.125,"43.3025","36.6897","198.381"
2.13333,"43.5798","36.4959","202.328"
2.14167,"43.8469","36.3683","206.332"
2.15,"44.0843","36.1794","210.368"
2.15833,"44.3565","36.0885","214.45"
2.16667,"44.5868","35.9501","218.562"
2.175,"44.7811","35.7487","222.617"
2.18333,"45.0277","35.6017","226.684"
2.19167,"45.1831","35.4459","230.694"
2.2,"45.3571","35.2182","234.644"
2.20833,"45.5764","35.0294","238.579"
2.21667,"45.7282","34.8552","242.503"
2.225,"45.89","34.6266","246.387"
2.23333,"46.0508","34.4671","250.271"
2.24167,"46.1402","34.2321","254.087"
2.25,"46.2557","33.9902","257.924"
2.25833,"46.3268","33.8097","261.772"
2.26667,"46.4635","33.6023","265.566"
2.275,"46.5617","33.4229","269.297"
2.28333,"46.6524","33.2553","272.983"
2.29167,"46.7191","33.0724","276.633"
2.3,"46.7829","32.8469","280.203"
2.30833,"46.8161","32.6357","283.752"
2.31667,"46.8315","32.3868","287.254"
2.325,"46.8373","32.1688","290.751"
2.33333,"46.8549","31.94","294.172"
2.34167,"46.8545","31.7408","297.59"
2.35,"46.8734","31.5559","300.955"
2.35833,"46.8393","31.3575","304.231"
2.36667,"46.8394","31.1577","307.455"
2.375,"46.7895","30.9374","310.633"
2.38333,"46.7464","30.7029","313.783"
2.39167,"46.696","30.5","316.917"
2.4,"46.626","30.2596","320.017"
2.40833,"46.5422","30.0644","323.067"
2.41667,"46.4461","29.8526","326.049"
2.425,"46.3858","29.6295","328.946"
2.43333,"46.2733","29.4785","331.871"
2.44167,"46.1557","29.2304","334.726"
2.45,"46.0623","29.0915","337.597"
2.45833,"45.9286","28.8704","340.392"
2.46667,"45.7872","28.6661","343.182"
2.475,"45.6203","28.4615","345.906"
2.48333,"45.482","28.2816","348.58"
2.49167,"45.3003","28.1051","351.262"
2.5,"45.1262","27.9119","353.877"
2.50833,"44.9967","27.7658","356.439"
2.51667,"44.8128","27.5866","358.934"
2.525,"44.6325","27.4328","361.405"
2.53333,"44.4841","27.2822","363.834"
2.54167,"44.2728","27.1389","366.264"
2.55,"44.0764","26.9889","368.641"
2.55833,"43.8486","26.88","371.036"
2.56667,"43.6103","26.7106","373.357"
2.575,"43.4036","26.5973","375.653"
2.58333,"43.1753","26.4898","377.877"
2.59167,"42.9224","26.3431","380.008"
2.6,"42.7396","26.2697","382.116"
2.60833,"42.497","26.1366","384.138"
2.61667,"42.2736","26.0704","386.228"
2.625,"42.0287","25.969","388.271"
2.63333,"41.7958","25.8921","390.294"
2.64167,"41.5557","25.8111","392.29"
2.65,"41.2562","25.7233","394.216"
2.65833,"41.0612","25.6711","396.041"
2.66667,"40.8135","25.6165","397.836"
2.675,"40.5676","25.5804","399.613"
2.68333,"40.3416","25.5277","401.351"
2.69167,"40.0727","25.457","403.076"
2.7,"39.8505","25.3997","404.735"
2.70833,"39.5802","25.3693","406.449"
2.71667,"39.3211","25.315","408.099"
2.725,"39.0794","25.2698","409.709"
2.73333,"38.8102","25.272","411.306"
2.74167,"38.5895","25.2531","412.827"
2.75,"38.3553","25.2518","414.323"
2.75833,"38.1015","25.2308","415.768"
2.76667,"37.8264","25.2259","417.247"
2.775,"37.6075","25.2218","418.7"
2.78333,"37.3689","25.2634","420.167"
2.79167,"37.121","25.2628","421.565"
2.8,"36.8943","25.2868","422.946"
2.80833,"36.6798","25.3082","424.297"
2.81667,"36.4446","25.3345","425.584"
2.825,"36.2118","25.4086","426.921"
2.83333,"35.983","25.4487","428.215"
2.84167,"35.7448","25.4951","429.514"
2.85,"35.5461","25.5562","430.796"
2.85833,"35.3154","25.6353","432.065"
2.86667,"35.089","25.6247","433.273"
2.875,"34.8827","25.6985","434.51"
2.88333,"34.7017","25.7933","435.704"
2.89167,"34.4943","25.8538","436.882"
2.9,"34.2959","25.9568","438.037"
2.90833,"34.1006","26.0255","439.148"
2.91667,"33.9042","26.0994","440.263"
2.925,"33.7241","26.187","441.367"
2.93333,"33.5123","26.3","442.521"
2.94167,"33.3413","26.3555","443.647"
2.95,"33.1906","26.5069","444.799"
2.95833,"33.0177","26.6208","445.919"
2.96667,"32.8601","26.6877","446.971"
2.975,"32.6941","26.7755","447.987"
2.98333,"32.5766","26.9129","448.993"
2.99167,"32.3781","26.9875","449.975"
3,"32.2377","27.0496","450.958"
3.00833,"32.0865","27.1877","452.002"
3.01667,"31.926","27.2379","453.012"
3.025,"31.7884","27.3514","454.049"
3.03333,"31.6432","27.4812","455.07"
3.04167,"31.4961","27.5699","456.073"
3.05,"31.3433","27.6714","457.044"
3.05833,"31.2436","27.8071","457.985"
3.06667,"31.0858","27.9237","458.943"
3.075,"30.9989","28.038","459.816"
3.08333,"30.8977","28.1583","460.768"
3.09167,"30.766","28.2726","461.732"
3.1,"30.6426","28.3627","462.722"
3.10833,"30.5295","28.4425","463.684"
3.11667,"30.3907","28.5554","464.675"
3.125,"30.2457","28.6733","465.585"
3.13333,"30.1515","28.7939","466.477"
3.14167,"30.0464","28.9147","467.375"
3.15,"29.9809","29.0754","468.27"
3.15833,"29.8533","29.2168","469.202"
3.16667,"29.7716","29.3349","470.07"
3.175,"29.6548","29.4508","470.981"
3.18333,"29.5605","29.5499","471.878"
3.19167,"29.4531","29.648","472.759"
3.2,"29.339","29.7422","473.623"
3.20833,"29.2562","29.8815","474.495"
3.21667,"29.1904","30.0549","475.357"
3.225,"29.1036","30.1506","476.155"
3.23333,"29.0539","30.3027","476.985"
3.24167,"28.9512","30.3991","477.771"
3.25,"28.8929","30.4991","478.576"
3.25833,"28.8178","30.5956","479.367"
3.26667,"28.7444","30.7206","480.166"
3.275,"28.6317","30.7902","480.928"
3.28333,"28.5487","30.9048","481.666"
3.29167,"28.4685","31.0522","482.43"
3.3,"28.3751","31.1115","483.159"
3.30833,"28.2833","31.2084","483.899"
3.31667,"28.219","31.3469","484.601"
3.325,"28.1057","31.4428","485.315"
3.33333,"28.0357","31.5227","485.995"
3.34167,"27.9487","31.6131","486.688"
3.35,"27.8766","31.6793","487.341"
3.35833,"27.7899","31.7674","487.992"
3.36667,"27.7065","31.8535","488.656"
3.375,"27.6282","31.9412","489.343"
3.38333,"27.5602","32.0235","490.036"
3.39167,"27.4959","32.1299","490.761"
3.4,"27.382","32.2332","491.448"
3.40833,"27.2825","32.2896","492.09"
3.41667,"27.1829","32.3606","492.724"
3.425,"27.0916","32.3967","493.335"
3.43333,"26.9902","32.4945","493.968"
3.44167,"26.888","32.5076","494.553"
3.45,"26.8075","32.6071","495.185"
3.45833,"26.7005","32.6699","495.783"
3.46667,"26.5904","32.708","496.381"
3.475,"26.5297","32.7767","496.981"
3.48333,"26.4262","32.8634","497.641"
3.49167,"26.3137","32.8905","498.266"
3.5,"26.2216","32.9776","498.865"
3.50833,"26.1318","33.0259","499.452"
3.51667,"26.0109","33.0201","499.953"
3.525,"25.9493","33.0424","500.467"
3.53333,"25.8944","33.0776","500.982"
3.54167,"25.7582","33.1062","501.541"
3.55,"25.7056","33.1204","502.076"
3.55833,"25.601","33.1733","502.697"
3.56667,"25.4946","33.1616","503.255"
3.575,"25.3961","33.2126","503.823"
3.58333,"25.2848","33.2255","504.375"
3.59167,"25.1763","33.2649","504.962"
3.6,"25.0969","33.2823","505.508"
3.60833,"25.0414","33.285","506.005"
3.61667,"24.95","33.2973","506.516"
3.625,"24.8655","33.2863","507.025"
3.63333,"24.7782","33.2687","507.543"
3.64167,"24.7206","33.2462","508.066"
3.65,"24.5985","33.2652","508.638"
3.65833,"24.5254","33.2444","509.17"
3.66667,"24.4299","33.2467","509.706"
3.675,"24.3346","33.2762","510.217"
3.68333,"24.2549","33.276","510.7"
3.69167,"24.1859","33.249","511.161"
3.7,"24.1172","33.2366","511.624"
3.70833,"24.048","33.2293","512.106"
3.71667,"23.9631","33.1901","512.568"
3.725,"23.8722","33.1499","513.054"
3.73333,"23.8208","33.1147","513.52"
3.74167,"23.7353","33.1037","514.024"
3.75,"23.6701","33.0614","514.481"
3.75833,"23.6177","33.0461","514.976"
3.76667,"23.5483","33.0679","515.444"
3.775,"23.495","33.0243","515.861"
3.78333,"23.4366","33.0115","516.296"
3.79167,"23.3957","32.9923","516.711"
3.8,"23.3429","32.9955","517.155"
3.80833,"23.2694","32.8989","517.541"
3.81667,"23.2605","32.8953","517.968"
3.825,"23.2324","32.8673","518.408"
3.83333,"23.1856","32.808","518.807"
3.84167,"23.1098","32.7387","519.181"
3.85,"23.1056","32.7278","519.579"
3.85833,"23.0589","32.698","519.975"
3.86667,"23.0115","32.6258","520.314"
3.875,"22.9995","32.5842","520.683"
3.88333,"23.0007","32.5388","521.03"
3.89167,"22.9578","32.4582","521.362"
3.9,"22.9947","32.3953","521.697"
3.90833,"22.9863","32.3539","522.08"
3.91667,"22.9507","32.3301","522.461"
3.925,"22.9453","32.2928","522.801"
3.93333,"22.9795","32.3166","523.166"
3.94167,"22.9926","32.2664","523.491"
3.95,"22.991","32.2111","523.802"
3.95833,"23.009","32.1183","524.101"
3.96667,"23.0287","32.0486","524.417"
3.975,"23.0522","31.9741","524.734"
3.98333,"23.0853","31.8956","525.067"
3.99167,"23.1011","31.8489","525.416"
4,"23.1112","31.778","525.75"
4.00833,"23.1493","31.7334","526.109"
4.01667,"23.1944","31.6453","526.414"
4.025,"23.2125","31.5827","526.734"
4.03333,"23.2205","31.4701","527.025"
4.04167,"23.2403","31.3999","527.34"
4.05,"23.2828","31.3384","527.685"
4.05833,"23.3417","31.2702","528.032"
4.06667,"23.3849","31.2181","528.367"
4.075,"23.4316","31.1285","528.671"
4.08333,"23.5039","31.0915","528.978"
4.09167,"23.5615","30.9948","529.263"
4.1,"23.5896","30.9194","529.562"
4.10833,"23.6579","30.8493","529.865"
4.11667,"23.6908","30.7822","530.211"
4.125,"23.7439","30.6801","530.509"
4.13333,"23.7865","30.6322","530.848"
4.14167,"23.8525","30.5355","531.171"
4.15,"23.8859","30.4387","531.445"
4.15833,"23.9776","30.3688","531.732"
4.16667,"24.0565","30.2948","532.013"
4.175,"24.0938","30.1649","532.239"
4.18333,"24.1575","30.0829","532.483"
4.19167,"24.2483","30.0313","532.787"
4.2,"24.2621","29.9059","533.092"
4.20833,"24.3094","29.8302","533.423"
4.21667,"24.3989","29.73","533.691"
4.225,"24.4401","29.6401","533.951"
4.23333,"24.5118","29.5315","534.175"
4.24167,"24.6134","29.4786","534.415"
4.25,"24.6587","29.3309","534.616"
4.25833,"24.7264","29.2381","534.87"
4.26667,"24.8214","29.1853","535.137"
4.275,"24.8731","29.0945","535.393"
4.28333,"24.9275","28.9883","535.636"
4.29167,"24.9694","28.9299","535.929"
4.3,"25.0213","28.807","536.136"
4.30833,"25.0572","28.6966","536.36"
4.31667,"25.1368","28.6063","536.569"
4.325,"25.1715","28.4888","536.767"
4.33333,"25.2857","28.4081","536.973"
4.34167,"25.331","28.3358","537.232"
4.35,"25.3634","28.2257","537.473"
4.35833,"25.4569","28.1514","537.705"
4.36667,"25.5037","28.1131","537.969"
4.375,"25.5525","28.0019","538.189"
4.38333,"25.6172","27.9074","538.411"
4.39167,"25.6706","27.8059","538.646"
4.4,"25.6985","27.7242","538.9"
4.40833,"25.754","27.6437","539.125"
4.41667,"25.8086","27.5925","539.386"
4.425,"25.8351","27.5028","539.605"
4.43333,"25.8684","27.4183","539.85"
4.44167,"25.8923","27.3218","540.07"
4.45,"25.9166","27.2392","540.292"
4.45833,"25.9781","27.1464","540.513"
4.46667,"26.015","27.0952","540.773"
4.475,"26.0568","27.0182","541.005"
4.48333,"26.0715","26.9479","541.273"
4.49167,"26.0735","26.8631","541.515"
4.5,"26.0905","26.8047","541.783"
4.50833,"26.1109","26.7053","541.988"
4.51667,"26.1435","26.6712","542.208"
4.525,"26.1877","26.5969","542.441"
4.53333,"26.1999","26.5442","542.667"
4.54167,"26.2141","26.495","542.88"
4.55,"26.2057","26.4446","543.129"
4.55833,"26.1834","26.3604","543.357"
4.56667,"26.1813","26.3134","543.618"
4.575,"26.1599","26.2232","543.816"
4.58333,"26.1652","26.1742","544.071"
4.59167,"26.1892","26.146","544.273"
4.6,"26.1334","26.0703","544.47"
4.60833,"26.1524","26.0211","544.659"
4.61667,"26.1422","25.9994","544.866"
4.625,"26.1598","25.9428","545.056"
4.63333,"26.1875","25.9595","545.318"
4.64167,"26.1465","25.8981","545.536"
4.65,"26.1142","25.8743","545.769"
4.65833,"26.0976","25.814","545.974"
4.66667,"26.0323","25.752","546.146"
4.675,"25.998","25.6886","546.297"
4.68333,"25.9875","25.648","546.486"
4.69167,"25.9746","25.6145","546.623"
4.7,"25.9727","25.6029","546.835"
4.70833,"26.2132","25.9531","547.167"
4.71667,"26.1831","25.8986","547.35"
4.725,"26.1376","25.8806","547.583"
4.73333,"26.0934","25.826","547.761"
4.74167,"26.082","25.8432","547.956"
4.75,"26.0249","25.8196","548.134"
4.75833,"25.9995","25.7956","548.32"
4.76667,"25.9789","25.8028","548.525"
4.775,"25.9339","25.7604","548.69"
4.78333,"25.9042","25.7124","548.841"
4.79167,"25.8514","25.7102","549.035"
4.8,"25.8323","25.6796","549.191"
4.80833,"25.8363","25.7","549.388"
4.81667,"25.798","25.686","549.567"
4.825,"25.7718","25.6987","549.771"
4.83333,"25.7385","25.7052","549.959"
4.84167,"25.6888","25.6846","550.155"
4.85,"25.6861","25.6729","550.303"
4.85833,"25.5988","25.6495","550.512"
4.86667,"25.5938","25.6112","550.675"
4.875,"25.5428","25.6162","550.845"
4.88333,"25.5095","25.5638","550.968"
4.89167,"25.4977","25.5758","551.133"
4.9,"25.4657","25.5682","551.259"
4.90833,"25.4625","25.6011","551.409"
4.91667,"25.4397","25.6195","551.593"
4.925,"25.394","25.629","551.787"
4.93333,"25.3949","25.6348","551.941"
4.94167,"25.345","25.6382","552.103"
4.95,"25.3253","25.5873","552.217"
4.95833,"25.2957","25.5837","552.361"
4.96667,"25.2856","25.5944","552.476"
4.975,"25.2526","25.5777","552.592"
4.98333,"25.2253","25.5819","552.699"
4.99167,"25.2275","25.5689","552.768"
5,"25.2059","25.5898","552.86"
5.00833,"25.1783","25.5929","552.972"
5.01667,"25.1507","25.606","553.092"
5.025,"25.1285","25.6057","553.212"
5.03333,"25.1186","25.6437","553.337"
5.04167,"25.1018","25.6424","553.445"
5.05,"25.1148","25.7053","553.513"
5.05833,"25.0997","25.6867","553.561"
5.06667,"25.0783","25.7149","553.636"
5.075,"25.0874","25.7041","553.656"
5.08333,"25.0681","25.7287","553.717"
5.09167,"25.0781","25.7436","553.768"
5.1,"25.0589","25.7563","553.837"
5.10833,"25.0527","25.7894","553.903"
5.11667,"25.0375","25.8253","553.977"
5.125,"25.0459","25.7995","554.016"
5.13333,"25.0501","25.8645","554.101"
5.14167,"25.0331","25.8313","554.098"
5.15,"25.0544","25.8775","554.139"
5.15833,"25.0411","25.8948","554.138"
5.16667,"25.043","25.9089","554.181"
5.175,"25.0625","25.9366","554.205"
5.18333,"25.0259","25.9588","554.2"
5.19167,"25.043","25.9823","554.187"
5.2,"25.0276","26.0363","554.235"
5.20833,"25.0488","26.072","554.235"
5.21667,"25.0497","26.1306","554.293"
5.225,"25.0692","26.1568","554.307"
5.23333,"25.0581","26.2314","554.361"
5.24167,"25.0761","26.268","554.383"
5.25,"25.0809","26.324","554.431"
5.25833,"25.1092","26.3442","554.455"
5.26667,"25.0934","26.3974","554.469"
5.275,"25.1061","26.4176","554.463"
5.28333,"25.0838","26.4658","554.495"
5.29167,"25.1348","26.4806","554.458"
5.3,"25.1253","26.5304","554.474"
5.30833,"25.1472","26.6087","554.507"
5.31667,"25.1533","26.6441","554.543"
5.325,"25.1492","26.7126","554.589"
5.33333,"25.1521","26.7552","554.628"
5.34167,"25.1463","26.8113","554.653"
5.35,"25.1482","26.8594","554.662"
5.35833,"25.1437","26.9103","554.636"
5.36667,"25.159","26.9607","554.603"
5.375,"25.1599","27.0504","554.619"
5.38333,"25.1781","27.0649","554.598"
5.39167,"25.1949","27.139","554.627"
5.4,"25.1735","27.1507","554.64"
5.40833,"25.1687","27.2024","554.661"
5.41667,"25.1743","27.2748","554.662"
5.425,"25.1657","27.3281","554.668"
5.43333,"25.1887","27.3852","554.656"
5.44167,"25.1538","27.4496","554.63"
5.45,"25.1888","27.5011","554.556"
5.45833,"25.1967","27.5685","554.563"
5.46667,"25.1958","27.5874","554.536"
5.475,"25.2195","27.6481","554.551"
5.48333,"25.2167","27.6755","554.545"
5.49167,"25.211","27.7233","554.55"
5.5,"25.2141","27.779","554.563"
5.50833,"25.2088","27.8477","554.573"
5.51667,"25.2436","27.9331","554.562"
5.525,"25.2441","28.0247","554.594"
5.53333,"25.2938","28.0892","554.61"
5.54167,"25.3044","28.1705","554.645"
5.55,"25.3321","28.2357","554.643"
5.55833,"25.3213","28.2446","554.638"
5.56667,"25.3269","28.2979","554.664"
5.575,"25.3194","28.3055","554.65"
5.58333,"25.3138","28.3355","554.645"
5.59167,"25.332","28.3734","554.633"
5.6,"25.3207","28.4238","554.622"
5.60833,"25.3567","28.4911","554.602"
5.61667,"25.3503","28.5617","554.603"
5.625,"25.3714","28.598","554.577"
5.63333,"25.3766","28.6856","554.61"
5.64167,"25.3693","28.6909","554.598"
5.65,"25.3743","28.7378","554.634"
5.65833,"25.3619","28.7541","554.634"
5.66667,"25.3621","28.7691","554.625"
5.675,"25.3709","28.7973","554.612"
5.68333,"25.3598","28.8458","554.584"
5.69167,"25.3829","28.8904","554.528"
5.7,"25.3984","28.9331","554.497"
5.70833,"25.4292","28.9886","554.461"
5.71667,"25.4165","29.001","554.47"
5.725,"25.4055","29.0236","554.504"
5.73333,"25.402","29.0329","554.493"
5.74167,"25.37","29.0567","554.541"
5.75,"25.3525","29.0432","554.536"
5.75833,"25.3647","29.0817","554.525"
5.76667,"25.374","29.1082","554.476"
5.775,"25.3611","29.1147","554.452"
5.78333,"25.371","29.1149","554.43"
5.79167,"25.3424","29.1313","554.427"
5.8,"25.3235","29.1134","554.406"
5.80833,"25.2955","29.1319","554.428"
5.81667,"25.2502","29.1171","554.443"
5.825,"25.2512","29.1414","554.49"
5.83333,"25.2241","29.1576","554.541"
5.84167,"25.2405","29.1592","554.529"
5.85,"25.2557","29.1998","554.53"
5.85833,"25.2238","29.1813","554.476"
5.86667,"25.1923","29.1735","554.445"
5.875,"25.1674","29.1148","554.415"
5.88333,"25.1142","29.0587","554.416"
5.89167,"25.1078","29.032","554.428"
5.9,"25.0762","29.0185","554.445"
5.90833,"25.0639","28.9953","554.426"
5.91667,"25.0098","28.9838","554.428"
5.925,"24.9987","28.9479","554.393"
5.93333,"24.974","28.931","554.384"
5.94167,"24.9343","28.9071","554.401"
5.95,"24.9188","28.8839","554.399"
5.95833,"24.8728","28.854","554.415"
5.96667,"24.8661","28.8081","554.44"
5.975,"24.8424","28.7438","554.458"
5.98333,"24.8151","28.6798","554.437"
5.99167,"24.7642","28.6262","554.403"
6,"24.7219","28.5534","554.356"
6.00833,"24.6868","28.5556","554.338"
6.01667,"24.6538","28.4626","554.296"
6.025,"24.6386","28.4499","554.288"
6.03333,"24.5886","28.39","554.264"
6.04167,"24.5646","28.3299","554.266"
6.05,"24.5395","28.3239","554.241"
6.05833,"24.495","28.2447","554.212"
6.06667,"24.49","28.1933","554.191"
6.075,"24.435","28.1575","554.13"
6.08333,"24.3954","28.0965","554.063"
6.09167,"24.3572","28.0458","553.979"
6.1,"24.3118","28.0084","553.915"
6.10833,"24.3226","27.9492","553.842"
6.11667,"24.283","27.9508","553.847"
6.125,"24.2603","27.9211","553.814"
6.13333,"24.2281","27.8809","553.799"
6.14167,"24.2131","27.8497","553.739"
6.15,"24.1832","27.7895","553.65"
6.15833,"24.1776","27.7497","553.561"
6.16667,"24.1153","27.7065","553.439"
6.175,"24.066","27.6383","553.313"
6.18333,"24.0505","27.6115","553.219"
6.19167,"23.9881","27.5784","553.155"
6.2,"23.9777","27.52","553.108"
6.20833,"23.931","27.5217","553.062"
6.21667,"23.935","27.458","552.946"
6.225,"23.924","27.4749","552.876"
6.23333,"23.9092","27.4135","552.756"
6.24167,"23.916","27.4136","552.676"
6.25,"23.9016","27.373","552.583"
6.25833,"23.8774","27.3298","552.504"
6.26667,"23.8556","27.3103","552.423"
6.275,"23.8534","27.2826","552.3"
6.28333,"23.8294","27.266","552.202"
6.29167,"23.8369","27.2233","552.069"
6.3,"23.8259","27.2032","551.973"
6.30833,"23.8153","27.175","551.845"
6.31667,"23.8153","27.1874","551.773"
6.325,"23.814","27.1607","551.658"
6.33333,"23.8394","27.1766","551.607"
6.34167,"23.8212","27.1633","551.534"
6.35,"23.8356","27.1331","551.444"
6.35833,"23.8346","27.1455","551.359"
6.36667,"23.8419","27.059","551.196"
6.375,"23.8773","27.0804","551.074"
6.38333,"23.8843","27.0357","550.923"
6.39167,"23.9169","27.0259","550.816"
6.4,"23.9453","27.025","550.722"
6.40833,"23.9508","26.9982","550.631"
6.41667,"23.9713","27.0261","550.541"
6.425,"23.9819","27.0105","550.422"
6.43333,"23.9956","27.0266","550.316"
6.44167,"24.0341","27.0082","550.174"
6.45,"24.0448","27.0213","550.065"
6.45833,"24.0771","27.0118","549.957"
6.46667,"24.1115","27.0114","549.876"
6.475,"24.1504","26.9711","549.798"
6.48333,"24.1701","26.9668","549.726"
6.49167,"24.1964","26.9582","549.642"
6.5,"24.2249","26.9466","549.583"
6.50833,"24.2579","26.9615","549.534"
6.51667,"24.3137","26.9302","549.436"
6.525,"24.3737","26.97","549.386"
6.53333,"24.4341","26.9579","549.294"
6.54167,"24.4671","26.9354","549.204"
6.55,"24.5143","26.9149","549.144"
6.55833,"24.549","26.8602","549.062"
6.56667,"24.5984","26.85","549.001"
6.575,"24.5994","26.8251","548.911"
6.58333,"24.6263","26.8277","548.838"
6.59167,"24.6821","26.7992","548.732"
6.6,"24.706","26.7842","548.603"
6.60833,"24.7661","26.7619","548.491"
6.61667,"24.7857","26.7301","548.422"
6.625,"24.8239","26.7342","548.344"
6.63333,"24.8577","26.7056","548.286"
6.64167,"24.8893","26.7177","548.237"
6.65,"24.9721","26.737","548.167"
6.65833,"24.9666","26.7475","548.149"
6.66667,"25.0438","26.6988","548.061"
6.675,"25.0593","26.7213","547.999"
6.68333,"25.0777","26.6551","547.897"
6.69167,"25.1141","26.6162","547.774"
6.7,"25.1348","26.6017","547.647"
6.70833,"25.1818","26.5417","547.528"
6.71667,"25.2204","26.5455","547.45"
6.725,"25.245","26.5308","547.336"
6.73333,"25.2539","26.5172","547.251"
6.74167,"25.2717","26.4931","547.153"
6.75,"25.2506","26.4808","547.05"
6.75833,"25.2623","26.4652","546.968"
6.76667,"25.2721","26.4463","546.892"
6.775,"25.268","26.4492","546.803"
6.78333,"25.3086","26.436","546.667"
6.79167,"25.3086","26.4081","546.548"
6.8,"25.3485","26.3704","546.398"
6.80833,"25.3512","26.3599","546.292"
6.81667,"25.3408","26.2747","546.151"
6.825,"25.3214","26.2454","546.077"
6.83333,"25.2865","26.2019","545.984"
6.84167,"25.2632","26.1532","545.889"
6.85,"25.2577","26.1667","545.811"
6.85833,"25.2291","26.0915","545.664"
6.86667,"25.235","26.0782","545.566"
6.875,"25.1944","26.0137","545.406"
6.88333,"25.1665","25.9656","545.272"
6.89167,"25.1324","25.9113","545.131"
6.9,"25.0799","25.8772","545.017"
6.90833,"25.0245","25.8444","544.938"
6.91667,"24.9415","25.7918","544.873"
6.925,"24.8723","25.7591","544.822"
6.93333,"24.8085","25.71","544.746"
6.94167,"24.7625","25.7197","544.674"
6.95,"24.7002","25.6512","544.543"
6.95833,"24.6422","25.6556","544.448"
6.96667,"24.5716","25.5994","544.377"
6.975,"24.4911","25.528","544.311"
6.98333,"24.4088","25.4738","544.25"
6.99167,"24.2893","25.3928","544.191"
7,"24.1709","25.3254","544.16"
7.00833,"24.0657","25.2801","544.088"
7.01667,"23.9228","25.2094","544.041"
7.025,"23.8318","25.1444","543.944"
7.03333,"23.6858","25.1189","543.887"
7.04167,"23.5834","25.0427","543.823"
7.05,"23.4576","24.9736","543.786"
7.05833,"23.3438","24.9063","543.782"
7.06667,"23.2079","24.8357","543.787"
7.075,"23.0676","24.787","543.815"
7.08333,"22.9057","24.7149","543.786"
7.09167,"22.7552","24.6481","543.792"
7.1,"22.5976","24.5735","543.783"
7.10833,"22.4402","24.4999","543.77"
7.11667,"22.2749","24.3992","543.724"
7.125,"22.1054","24.3276","543.738"
7.13333,"21.9368","24.2056","543.724"
7.14167,"21.7507","24.1276","543.773"
7.15,"21.5833","24.0275","543.813"
7.15833,"21.377","23.9587","543.859"
7.16667,"21.2226","23.8542","543.886"
7.175,"21.0123","23.754","543.93"
7.18333,"20.8359","23.6337","543.929"
7.19167,"20.6551","23.5298","543.929"
7.2,"20.4483","23.4047","543.942"
7.20833,"20.2996","23.2731","543.963"
7.21667,"20.079","23.1536","543.995"
7.225,"19.9194","23.0172","544.024"
7.23333,"19.7353","22.9144","544.118"
7.24167,"19.5307","22.7904","544.203"
7.25,"19.337","22.6793","544.278"
7.25833,"19.14","22.5385","544.336"
7.26667,"18.9405","22.43","544.378"
7.275,"18.7456","22.246","544.384"
7.28333,"18.5395","22.1123","544.455"
7.29167,"18.3659","21.9602","544.477"
7.3,"18.1472","21.8051","544.518"
7.30833,"17.9617","21.6437","544.554"
7.31667,"17.7388","21.5127","544.611"
7.325,"17.5476","21.3228","544.638"
7.33333,"17.3498","21.2412","544.724"
7.34167,"17.1526","21.0782","544.762"
7.35,"16.9593","20.9522","544.834"
7.35833,"16.7757","20.8266","544.867"
7.36667,"16.5794","20.6581","544.866"
7.375,"16.4112","20.5039","544.858"
7.38333,"16.1924","20.3251","544.85"
7.39167,"16.0072","20.1151","544.829"
7.4,"15.7987","19.9738","544.885"
7.40833,"15.6071","19.788","544.891"
7.41667,"15.3877","19.6277","544.922"
7.425,"15.1804","19.446","544.955"
7.43333,"14.974","19.2966","545.003"
7.44167,"14.7911","19.1302","544.978"
7.45,"14.6201","19.0073","545.016"
7.45833,"14.4318","18.8352","545.019"
7.46667,"14.2487","18.6576","545.023"
7.475,"14.0895","18.5072","545.003"
7.48333,"13.8685","18.3143","544.976"
7.49167,"13.7018","18.0981","544.945"
7.5,"13.4884","17.9174","544.954"
7.50833,"13.3147","17.7053","544.929"
7.51667,"13.1369","17.5422","544.959"
7.525,"12.955","17.3455","544.93"
7.53333,"12.7841","17.1317","544.91"
7.54167,"12.6169","16.9406","544.871"
7.55,"12.4372","16.7726","544.846"
7.55833,"12.2939","16.6097","544.807"
7.56667,"12.1024","16.444","544.812"
7.575,"11.9342","16.2188","544.803"
7.58333,"11.7685","16.0316","544.773"
7.59167,"11.6117","15.816","544.757"
7.6,"11.4385","15.61","544.715"
7.60833,"11.2777","15.3655","544.677"
7.61667,"11.1071","15.1552","544.655"
7.625,"10.9803","14.9615","544.618"
7.63333,"10.8659","14.7758","544.581"
7.64167,"10.7414","14.6157","544.546"
7.65,"10.5998","14.3787","544.471"
7.65833,"10.4905","14.1942","544.475"
7.66667,"10.3386","13.9554","544.455"
7.675,"10.21","13.7641","544.485"
7.68333,"10.0822","13.5412","544.48"
7.69167,"9.91829","13.3245","544.485"
7.7,"9.77817","13.0544","544.425"
7.70833,"9.64671","12.8563","544.406"
7.71667,"9.54207","12.6128","544.337"
7.725,"9.41171","12.4091","544.297"
7.73333,"9.33927","12.2113","544.244"
7.74167,"9.22982","12.004","544.215"
7.75,"9.14485","11.7827","544.203"
7.75833,"9.0513","11.5873","544.243"
7.76667,"8.94288","11.3625","544.258"
7.775,"8.83657","11.1756","544.326"
7.78333,"8.72723","10.9627","544.32"
7.79167,"8.63979","10.7457","544.265"
7.8,"8.54804","10.5439","544.204"
7.80833,"8.44227","10.2697","544.089"
7.81667,"8.37928","10.078","544.049"
7.825,"8.3078","9.84622","543.983"
7.83333,"8.20573","9.62667","543.969"
7.84167,"8.1354","9.41902","543.967"
7.85,"8.07367","9.21119","543.952"
7.85833,"7.99308","8.98249","543.923"
7.86667,"7.88032","8.76074","543.917"
7.875,"7.82078","8.55874","543.853"
7.88333,"7.75647","8.38838","543.809"
7.89167,"7.72197","8.1845","543.708"
7.9,"7.67569","7.98217","543.64"
7.90833,"7.61707","7.76619","543.599"
7.91667,"7.56713","7.52318","543.559"
7.925,"7.5007","7.30447","543.529"
7.93333,"7.45055","7.09367","543.492"
7.94167,"7.38946","6.89328","543.453"
7.95,"7.35125","6.70561","543.407"
7.95833,"7.30442","6.53243","543.352"
7.96667,"7.26313","6.31753","543.277"
7.975,"7.20799","6.14482","543.256"
7.98333,"7.17338","5.9414","543.199"
7.99167,"7.14658","5.73761","543.167"
8,"7.10708","5.52972","543.103"
8.00833,"7.08592","5.32037","543.099"
8.01667,"7.04449","5.10522","543.033"
8.025,"7.04647","4.89079","542.953"
8.03333,"7.00475","4.69789","542.894"
8.04167,"7.01771","4.4642","542.757"
8.05,"7.00949","4.30397","542.677"
8.05833,"7.0114","4.10512","542.556"
8.06667,"7.02024","3.94484","542.48"
8.075,"7.00556","3.79141","542.41"
8.08333,"6.98234","3.58882","542.307"
8.09167,"6.97645","3.4355","542.238"
8.1,"6.93893","3.25136","542.13"
8.10833,"6.93384","3.0911","542.012"
8.11667,"6.90319","2.90999","541.868"
8.125,"6.8844","2.74506","541.717"
8.13333,"6.87041","2.56604","541.588"
8.14167,"6.84912","2.41986","541.486"
8.15,"6.87104","2.25476","541.349"
8.15833,"6.81997","2.11234","541.286"
8.16667,"6.82091","1.97245","541.22"
8.175,"6.80287","1.88151","541.166"
8.18333,"6.80421","1.76653","541.104"
8.19167,"6.82397","1.66409","541.029"
8.2,"6.77809","1.54554","540.946"
8.20833,"6.79331","1.39679","540.818"
8.21667,"6.77761","1.31079","540.738"
8.225,"6.77199","1.18006","540.641"
8.23333,"6.77214","1.0784","540.571"
8.24167,"6.75655","1.01015","540.524"
8.25,"6.74491","0.924064","540.446"
8.25833,"6.70312","0.878459","540.391"
8.26667,"6.69823","0.833435","540.309"
8.275,"6.64915","0.779741","540.274"
8.28333,"6.63932","0.778221","540.252"
8.29167,"6.60213","0.75692","540.216"
8.3,"6.59354","0.765963","540.175"
8.30833,"6.57741","0.800496","540.124"
8.31667,"6.54507","0.826226","540.06"
8.325,"6.53112","0.863232","539.99"
8.33333,"6.48468","0.915868","539.935"
8.34167,"6.46911","0.952575","539.865"
8.35,"6.41663","1.06728","539.823"
8.35833,"6.38882","1.13633","539.778"
8.36667,"6.36635","1.25795","539.746"
8.375,"6.32908","1.42294","539.718"
8.38333,"6.32593","1.57206","539.704"
8.39167,"6.32041","1.79668","539.73"
8.4,"6.34529","1.98413","539.662"
8.40833,"6.302","2.22728","539.636"
8.41667,"6.26657","2.43878","539.543"
8.425,"6.23971","2.73024","539.472"
8.43333,"6.19284","3.05493","539.442"
8.44167,"6.20409","3.34717","539.381"
8.45,"6.16972","3.78264","539.347"
8.45833,"6.11161","4.16469","539.26"
8.46667,"6.09112","4.59372","539.204"
8.475,"6.08355","5.09659","539.136"
8.48333,"6.03934","5.59482","539.102"
8.49167,"6.02984","6.14048","539.043"
8.5,"5.96021","6.72223","538.981"
8.50833,"5.94124","7.35883","538.914"
8.51667,"5.90691","8.03901","538.822"
8.525,"5.86748","8.73911","538.767"
8.53333,"5.87012","9.50393","538.69"
8.54167,"5.77011","10.2265","538.637"
8.55,"5.76571","11.0717","538.554"
8.55833,"5.71572","11.9512","538.531"
8.56667,"5.66607","12.8855","538.473"
8.575,"5.65083","13.8838","538.42"
8.58333,"5.61901","14.9162","538.373"
8.59167,"5.58871","15.9848","538.317"
8.6,"5.57793","17.1958","538.254"
8.60833,"5.50267","18.3472","538.185"
8.61667,"5.52586","19.6464","538.105"
8.625,"5.4935","20.9662","538.028"
8.63333,"5.43476","22.2967","537.978"
8.64167,"5.40735","23.7407","537.9"
8.65,"5.32076","25.2472","537.847"
8.65833,"5.35705","26.8169","537.772"
8.66667,"5.31937","28.5013","537.759"
8.675,"5.29421","30.1982","537.694"
8.68333,"5.31564","32.0262","537.634"
8.69167,"5.34094","33.9135","537.565"
8.7,"5.31636","35.8449","537.453"
8.70833,"5.35809","37.8845","537.332"
8.71667,"5.36168","40.0139","537.242"
8.725,"5.38714","42.1339","537.157"
8.73333,"5.42888","44.4578","537.075"
8.74167,"5.40838","46.7922","536.978"
8.75,"5.4309","49.1763","536.898"
8.75833,"5.46313","51.7318","536.805"
8.76667,"5.5017","54.3003","536.678"
8.775,"5.57118","57.0166","536.546"
8.78333,"5.60253","59.7978","536.399"
8.79167,"5.62324","62.6518","536.241"
8.8,"5.71768","65.608","536.062"
8.80833,"5.73607","68.6707","535.956"
8.81667,"5.79118","71.7787","535.821"
8.825,"5.93425","74.9808","535.46"
8.83333,"5.99001","78.3103","535.292"
8.84167,"6.04094","81.7096","535.139"
8.85,"6.12599","85.2534","534.953"
8.85833,"6.19807","88.8449","534.779"
8.86667,"6.29841","92.5403","534.59"
8.875,"6.35749","96.3606","534.421"
8.88333,"6.45535","100.263","534.27"
8.89167,"6.55676","104.306","534.094"
8.9,"6.65783","108.416","533.932"
8.90833,"6.77383","112.613","533.754"
8.91667,"6.85746","116.957","533.585"
8.925,"6.98468","121.327","533.391"
8.93333,"7.09525","125.854","533.242"
8.94167,"7.21228","130.472","533.06"
8.95,"7.32035","135.184","532.932"
8.95833,"7.45087","140.002","532.79"
8.96667,"7.56817","144.913","532.659"
8.975,"7.7028","149.878","532.517"
8.98333,"7.84672","155.009","532.354"
8.99167,"7.97382","160.201","532.22"
9,"8.14873","165.492","532.051"
9.00833,"8.29852","170.933","531.905"
9.01667,"8.47316","176.39","531.733"
9.025,"8.64299","182.015","531.585"
9.03333,"8.80996","187.693","531.453"
9.04167,"9.0045","193.453","531.315"
9.05,"9.17849","199.311","531.184"
9.05833,"9.36384","205.228","531.004"
9.06667,"9.58698","211.272","530.835"
9.075,"9.77402","217.42","530.641"
9.08333,"9.92143","223.595","530.474"
9.09167,"10.1431","229.939","530.314"
9.1,"10.3508","236.386","530.172"
9.10833,"10.542","242.88","530.105"
9.11667,"10.7578","249.468","530.029"
9.125,"10.9216","256.155","529.935"
9.13333,"11.1168","262.881","529.859"
9.14167,"11.314","269.705","529.78"
9.15,"11.5206","276.633","529.683"
9.15833,"11.7506","283.591","529.61"
9.16667,"11.9625","290.689","529.55"
9.175,"12.1843","297.831","529.483"
9.18333,"12.3829","305.01","529.455"
9.19167,"12.5858","312.278","529.451"
9.2,"12.7845","319.659","529.49"
9.20833,"12.9741","327.028","529.526"
9.21667,"13.173","334.491","529.555"
9.225,"13.355","342.042","529.627"
9.23333,"13.5361","349.592","529.671"
9.24167,"13.7336","357.24","529.723"
9.25,"13.9254","364.943","529.808"
9.25833,"14.1136","372.685","529.871"
9.26667,"14.2883","380.476","530.003"
9.275,"14.4475","388.265","530.096"
9.28333,"14.6288","396.132","530.209"
9.29167,"14.8097","404.022","530.348"
9.3,"14.9865","411.96","530.471"
9.30833,"15.1358","419.904","530.628"
9.31667,"15.3029","427.899","530.787"
9.325,"15.4348","435.902","530.995"
9.33333,"15.5924","443.959","531.204"
9.34167,"15.7573","452.003","531.428"
9.35,"15.8613","460.031","531.648"
9.35833,"16.0064","468.1","531.83"
9.36667,"16.1345","476.142","532.024"
9.375,"16.2594","484.188","532.202"
9.38333,"16.4078","492.243","532.371"
9.39167,"16.5448","500.299","532.573"
9.4,"16.6468","508.333","532.755"
9.40833,"16.7528","516.375","532.958"
9.41667,"16.9116","524.398","533.153"
9.425,"16.9574","532.377","533.416"
9.43333,"17.0451","540.397","533.639"
9.44167,"17.1433","548.379","533.842"
9.45,"17.2022","556.344","534.029"
9.45833,"17.2844","564.273","534.169"
9.46667,"17.3259","572.141","534.298"
9.475,"17.3772","579.993","534.421"
9.48333,"17.4421","587.799","534.527"
9.49167,"17.4647","595.588","534.689"
9.5,"17.4628","603.351","534.822"
9.50833,"17.5043","611.044","534.931"
9.51667,"17.5308","618.684","535.014"
9.525,"17.4738","626.286","535.099"
9.53333,"17.4707","633.919","535.182"
9.54167,"17.4849","641.473","535.236"
9.55,"17.5355","648.884","535.226"
9.55833,"17.5085","656.308","535.234"
9.56667,"17.525","663.664","535.201"
9.575,"17.4677","670.971","535.189"
9.58333,"17.438","678.167","535.186"
9.59167,"17.354","685.337","535.213"
9.6,"17.3117","692.445","535.192"
9.60833,"17.2578","699.522","535.17"
9.61667,"17.1623","706.499","535.108"
9.625,"17.1435","713.425","535.003"
9.63333,"17.1132","720.331","534.931"
9.64167,"16.998","727.121","534.836"
9.65,"16.9556","733.829","534.755"
9.65833,"16.8761","740.432","534.63"
9.66667,"16.7868","747.056","534.563"
9.675,"16.7211","753.487","534.427"
9.68333,"16.6084","759.884","534.304"
9.69167,"16.543","766.203","534.113"
9.7,"16.4591","772.485","533.95"
9.70833,"16.3521","778.729","533.777"
9.71667,"16.2537","784.808","533.511"
9.725,"16.1399","790.884","533.297"
9.73333,"16.0725","796.828","533.07"
9.74167,"15.9299","802.69","532.87"
9.75,"15.8282","808.507","532.673"
9.75833,"15.6635","814.18","532.451"
9.76667,"15.5636","819.852","532.233"
9.775,"15.3913","825.421","532.038"
9.78333,"15.2199","830.902","531.781"
9.79167,"15.1134","836.293","531.501"
9.8,"14.9718","841.631","531.258"
9.80833,"14.8217","846.894","531.02"
9.81667,"14.6692","852.064","530.798"
9.825,"14.5317","857.144","530.561"
9.83333,"14.3675","862.149","530.389"
9.84167,"14.242","867.057","530.182"
9.85,"14.0507","871.889","530.017"
9.85833,"13.8789","876.604","529.786"
9.86667,"13.7175","881.28","529.593"
9.875,"13.5393","885.835","529.347"
9.88333,"13.3622","890.285","529.068"
9.89167,"13.1916","894.717","528.856"
9.9,"13.0127","899.011","528.581"
9.90833,"12.8272","903.226","528.388"
9.91667,"12.6339","907.386","528.204"
9.925,"12.3842","911.398","528.001"
9.93333,"12.1991","915.4","527.809"
9.94167,"11.9863","919.282","527.606"
9.95,"11.7647","923.07","527.37"
9.95833,"11.5711","926.76","527.104"
9.96667,"11.3473","930.375","526.865"
9.975,"11.1548","933.884","526.62"
9.98333,"10.957","937.331","526.39"
9.99167,"10.7194","940.668","526.127"
10,"10.501","943.96","525.924"
10.0083,"10.3151","947.116","525.702"
10.0167,"10.1","950.186","525.45"
10.025,"9.85074","953.19","525.219"
10.0333,"9.68189","956.12","524.964"
10.0417,"9.49648","958.934","524.719"
10.05,"9.29779","961.709","524.459"
10.0583,"9.10474","964.358","524.205"
10.0667,"8.94287","966.954","523.935"
10.075,"8.7123","969.469","523.69"
10.0833,"8.53403","971.882","523.415"
10.0917,"8.33855","974.264","523.18"
10.1,"8.1411","976.559","522.925"
10.1083,"7.96635","978.779","522.708"
10.1167,"7.8173","980.907","522.49"
10.125,"7.60448","983.029","522.358"
10.1333,"7.47361","984.971","522.143"
10.1417,"7.34214","986.918","521.985"
10.15,"7.17609","988.811","521.814"
10.1583,"6.99942","990.554","521.622"
10.1667,"6.8423","992.297","521.425"
10.175,"6.71149","993.977","521.216"
10.1833,"6.54881","995.558","521.068"
10.1917,"6.42031","997.1","520.919"
10.2,"6.26583","998.612","520.855"
10.2083,"6.16978","1000.03","520.738"
10.2167,"6.04676","1001.39","520.705"
10.225,"5.95056","1002.72","520.598"
10.2333,"5.85242","1004.01","520.545"
10.2417,"5.80868","1005.21","520.444"
10.25,"5.73126","1006.42","520.38"
10.2583,"5.67363","1007.5","520.306"
10.2667,"5.63139","1008.56","520.245"
10.275,"5.5922","1009.56","520.191"
10.2833,"5.5527","1010.54","520.15"
10.2917,"5.53433","1011.48","520.127"
10.3,"5.52351","1012.37","520.114"
10.3083,"5.54335","1013.25","520.101"
10.3167,"5.57859","1014.05","520.048"
10.325,"5.60403","1014.84","520.018"
10.3333,"5.70651","1015.57","519.946"
10.3417,"5.76367","1016.25","519.902"
10.35,"5.86706","1016.92","519.891"
10.3583,"5.95818","1017.57","519.903"
10.3667,"6.10417","1018.17","519.859"
10.375,"6.24984","1018.76","519.851"
10.3833,"6.42422","1019.31","519.815"
10.3917,"6.60434","1019.82","519.751"
10.4,"6.8455","1020.34","519.666"
10.4083,"7.0954","1020.8","519.671"
10.4167,"7.3721","1021.24","519.616"
10.425,"7.69599","1021.69","519.585"
10.4333,"8.01343","1022.06","519.542"
10.4417,"8.37754","1022.38","519.478"
10.45,"8.78667","1022.76","519.461"
10.4583,"9.19504","1023.1","519.425"
10.4667,"9.62986","1023.44","519.396"
10.475,"10.1461","1023.77","519.371"
10.4833,"10.6402","1024.05","519.353"
10.4917,"11.2292","1024.31","519.274"
10.5,"11.8555","1024.57","519.249"
10.5083,"12.5033","1024.8","519.227"
10.5167,"13.1948","1025.05","519.231"
10.525,"13.9201","1025.28","519.191"
10.5333,"14.6946","1025.57","519.228"
10.5417,"15.5222","1025.76","519.19"
10.55,"16.3907","1025.99","519.191"
10.5583,"17.3214","1026.18","519.163"
10.5667,"18.272","1026.37","519.132"
10.575,"19.3136","1026.54","519.119"
10.5833,"20.3884","1026.71","519.087"
10.5917,"21.4903","1026.88","519.015"
10.6,"22.6913","1027.07","518.964"
10.6083,"23.6897","1027.06","518.967"
10.6167,"25.0019","1027.19","518.897"
10.625,"26.3719","1027.38","518.921"
10.6333,"27.8238","1027.55","518.893"
10.6417,"29.3232","1027.73","518.869"
10.65,"30.8788","1027.87","518.853"
10.6583,"32.5","1028.02","518.798"
10.6667,"34.2088","1028.15","518.749"
10.675,"35.9728","1028.26","518.683"
10.6833,"37.8454","1028.41","518.586"
10.6917,"39.7611","1028.54","518.556"
10.7,"41.7353","1028.7","518.505"
10.7083,"43.8364","1028.86","518.461"
10.7167,"45.9521","1029.02","518.439"
10.725,"48.2044","1029.15","518.382"
10.7333,"50.5205","1029.33","518.443"
10.7417,"52.9283","1029.48","518.404"
10.75,"55.4261","1029.67","518.347"
10.7583,"57.9917","1029.76","518.32"
10.7667,"60.6212","1029.91","518.258"
10.775,"63.3689","1030.01","518.171"
10.7833,"66.1933","1030.13","518.113"
10.7917,"69.158","1030.27","518.06"
10.8,"72.1577","1030.4","518.073"
10.8083,"75.2708","1030.57","518.049"
10.8167,"78.4714","1030.71","518.014"
10.825,"81.7457","1030.85","518.037"
10.8333,"85.1563","1030.95","517.909"
10.8417,"88.6334","1031.08","517.84"
10.85,"92.2169","1031.23","517.795"
10.8583,"95.8841","1031.32","517.77"
10.8667,"99.6365","1031.45","517.685"
10.875,"103.526","1031.58","517.569"
10.8833,"107.466","1031.68","517.522"
10.8917,"111.537","1031.81","517.409"
10.9,"115.691","1031.92","517.381"
10.9083,"119.983","1032.07","517.273"
10.9167,"124.331","1032.18","517.205"
10.925,"128.794","1032.27","517.129"
10.9333,"133.351","1032.43","517.065"
10.9417,"138.029","1032.51","516.909"
10.95,"142.791","1032.59","516.79"
10.9583,"147.679","1032.68","516.716"
10.9667,"152.666","1032.79","516.608"
10.975,"157.748","1032.92","516.549"
10.9833,"162.957","1032.98","516.444"
10.9917,"168.23","1033.07","516.397"
11,"173.687","1033.16","516.209"
11.0083,"179.155","1033.26","516.193"
11.0167,"184.757","1033.33","516.098"
11.025,"190.489","1033.44","516.067"
11.0333,"196.304","1033.52","515.949"
11.0417,"202.225","1033.61","515.9"
11.05,"208.253","1033.65","515.808"
11.0583,"214.381","1033.73","515.784"
11.0667,"220.639","1033.81","515.696"
11.075,"226.947","1033.87","515.641"
11.0833,"233.397","1033.93","515.597"
11.0917,"239.918","1033.98","515.528"
11.1,"246.518","1034.04","515.485"
11.1083,"253.213","1034.06","515.396"
11.1167,"260.017","1034.1","515.392"
11.125,"266.893","1034.12","515.315"
11.1333,"273.901","1034.2","515.306"
11.1417,"280.958","1034.24","515.287"
11.15,"288.111","1034.26","515.263"
11.1583,"295.373","1034.3","515.293"
11.1667,"302.662","1034.29","515.298"
11.175,"310.065","1034.31","515.249"
11.1833,"317.534","1034.34","515.314"
11.1917,"325.134","1034.36","515.378"
11.2,"332.745","1034.33","515.464"
11.2083,"340.48","1034.37","515.479"
11.2167,"348.287","1034.34","515.513"
11.225,"356.138","1034.34","515.621"
11.2333,"364.041","1034.3","515.78"
11.2417,"372.017","1034.3","515.95"
11.25,"380.037","1034.26","516.04"
11.2583,"388.076","1034.2","516.183"
11.2667,"396.217","1034.15","516.297"
11.275,"404.397","1034.05","516.482"
11.2833,"412.588","1034.02","516.63"
11.2917,"420.864","1033.91","516.817"
11.3,"429.181","1033.82","517.003"
11.3083,"437.525","1033.81","517.219"
11.3167,"445.878","1033.65","517.434"
11.325,"454.253","1033.57","517.661"
11.3333,"462.645","1033.44","517.858"
11.3417,"471.039","1033.33","518.073"
11.35,"479.467","1033.23","518.279"
11.3583,"487.919","1033.08","518.481"
11.3667,"496.387","1032.99","518.734"
11.375,"504.815","1032.79","518.944"
11.3833,"513.274","1032.63","519.189"
11.3917,"521.693","1032.47","519.397"
11.4,"530.149","1032.36","519.621"
11.4083,"538.593","1032.15","519.734"
11.4167,"547.001","1031.99","519.939"
11.425,"555.414","1031.86","520.146"
11.4333,"563.744","1031.65","520.331"
11.4417,"572.099","1031.48","520.508"
11.45,"580.43","1031.3","520.716"
11.4583,"588.703","1031.16","520.885"
11.4667,"596.962","1030.96","521.047"
11.475,"605.189","1030.75","521.183"
11.4833,"613.389","1030.57","521.354"
11.4917,"621.545","1030.39","521.514"
11.5,"629.651","1030.21","521.611"
11.5083,"637.714","1030.02","521.784"
11.5167,"645.757","1029.8","521.926"
11.525,"653.689","1029.56","522.056"
11.5333,"661.627","1029.35","522.188"
11.5417,"669.496","1029.14","522.294"
11.55,"677.231","1028.92","522.424"
11.5583,"684.981","1028.71","522.559"
11.5667,"692.683","1028.53","522.698"
11.575,"700.305","1028.31","522.761"
11.5833,"707.844","1028.08","522.863"
11.5917,"715.331","1027.91","522.997"
11.6,"722.714","1027.67","523.08"
11.6083,"730.046","1027.43","523.14"
11.6167,"737.289","1027.18","523.194"
11.625,"744.46","1026.98","523.273"
11.6333,"751.516","1026.79","523.35"
11.6417,"758.518","1026.53","523.415"
11.65,"765.419","1026.31","523.433"
11.6583,"772.241","1026.12","523.478"
11.6667,"778.996","1025.86","523.431"
11.675,"785.649","1025.64","523.419"
11.6833,"792.146","1025.4","523.403"
11.6917,"798.607","1025.18","523.417"
11.7,"804.945","1024.96","523.39"
11.7083,"811.177","1024.7","523.317"
11.7167,"817.305","1024.5","523.289"
11.725,"823.339","1024.23","523.182"
11.7333,"829.308","1024.02","523.092"
11.7417,"835.116","1023.77","522.909"
11.75,"840.887","1023.57","522.825"
11.7583,"846.534","1023.37","522.659"
11.7667,"852.08","1023.15","522.548"
11.775,"857.517","1022.9","522.35"
11.7833,"862.821","1022.66","522.208"
11.7917,"868.038","1022.47","522.065"
11.8,"873.179","1022.22","521.859"
11.8083,"878.227","1022.06","521.714"
11.8167,"883.133","1021.85","521.489"
11.825,"887.955","1021.63","521.246"
11.8333,"892.684","1021.44","521.044"
11.8417,"897.328","1021.24","520.898"
11.85,"901.867","1021","520.656"
11.8583,"906.312","1020.81","520.464"
11.8667,"910.631","1020.61","520.248"
11.875,"914.844","1020.44","520.048"
11.8833,"918.951","1020.21","519.763"
11.8917,"922.962","1020.04","519.567"
11.9,"926.856","1019.88","519.396"
11.9083,"930.691","1019.65","519.149"
11.9167,"934.408","1019.47","518.939"
11.925,"938.06","1019.28","518.678"
11.9333,"941.535","1019.08","518.445"
11.9417,"944.977","1018.91","518.246"
11.95,"948.322","1018.75","518.012"
11.9583,"951.509","1018.59","517.812"
11.9667,"954.647","1018.5","517.652"
11.975,"957.718","1018.3","517.447"
11.9833,"960.667","1018.14","517.227"
11.9917,"963.513","1018.04","517.102"
12,"966.311","1017.84","516.873"
12.0083,"969.015","1017.77","516.724"
12.0167,"971.626","1017.58","516.52"
12.025,"974.183","1017.44","516.314"
12.0333,"976.622","1017.31","516.129"
12.0417,"979.029","1017.22","516.01"
12.05,"981.298","1017.03","515.754"
12.0583,"983.528","1016.93","515.639"
12.0667,"985.69","1016.85","515.564"
12.075,"987.74","1016.72","515.391"
12.0833,"989.777","1016.66","515.283"
12.0917,"991.696","1016.48","515.098"
12.1,"993.536","1016.41","515.007"
12.1083,"995.352","1016.27","514.842"
12.1167,"997.05","1016.18","514.722"
12.125,"998.689","1016.04","514.574"
12.1333,"1000.31","1015.93","514.475"
12.1417,"1001.91","1015.87","514.375"
12.15,"1003.36","1015.75","514.269"
12.1583,"1004.82","1015.68","514.249"
12.1667,"1006.23","1015.58","514.14"
12.175,"1007.48","1015.46","514.022"
12.1833,"1008.78","1015.37","513.997"
12.1917,"1010.03","1015.28","513.956"
12.2,"1011.18","1015.16","513.915"
12.2083,"1012.3","1015.05","513.846"
12.2167,"1013.41","1014.93","513.822"
12.225,"1014.43","1014.81","513.753"
12.2333,"1015.41","1014.68","513.653"
12.2417,"1016.37","1014.57","513.693"
12.25,"1017.24","1014.39","513.613"
12.2583,"1018.17","1014.29","513.669"
12.2667,"1019.02","1014.13","513.645"
12.275,"1019.83","1014.05","513.763"
12.2833,"1020.59","1013.83","513.727"
12.2917,"1021.35","1013.69","513.786"
12.3,"1022.05","1013.47","513.748"
12.3083,"1022.75","1013.27","513.792"
12.3167,"1023.37","1013.04","513.807"
12.325,"1024.02","1012.84","513.834"
12.3333,"1024.61","1012.63","513.91"
12.3417,"1025.18","1012.33","513.929"
12.35,"1025.75","1012.09","514.003"
12.3583,"1026.26","1011.75","513.966"
12.3667,"1026.75","1011.41","514.017"
12.375,"1027.26","1011.1","514.125"
12.3833,"1027.74","1010.79","514.185"
12.3917,"1028.22","1010.45","514.26"
12.4,"1028.63","1010.07","514.352"
12.4083,"1029.01","1009.59","514.371"
12.4167,"1029.45","1009.24","514.531"
12.425,"1029.82","1008.74","514.516"
12.4333,"1030.19","1008.25","514.569"
12.4417,"1030.58","1007.74","514.646"
12.45,"1030.84","1007.14","514.659"
12.4583,"1031.15","1006.51","514.654"
12.4667,"1031.45","1005.92","514.761"
12.475,"1031.8","1005.3","514.81"
12.4833,"1032.11","1004.67","514.904"
12.4917,"1032.35","1003.94","514.892"
12.5,"1032.64","1003.18","514.939"
12.5083,"1032.89","1002.36","514.957"
12.5167,"1033.11","1001.5","515.026"
12.525,"1033.34","1000.67","515.057"
12.5333,"1033.5","999.703","515.113"
12.5417,"1033.71","998.74","515.138"
12.55,"1033.94","997.748","515.155"
12.5583,"1034.14","996.656","515.175"
12.5667,"1034.32","995.559","515.157"
12.575,"1034.47","994.345","515.145"
12.5833,"1034.69","993.135","515.167"
12.5917,"1034.82","991.862","515.157"
12.6,"1034.97","990.538","515.241"
12.6083,"1035.11","989.176","515.271"
12.6167,"1035.24","987.707","515.256"
12.625,"1035.32","986.208","515.332"
12.6333,"1035.48","984.589","515.281"
12.6417,"1035.63","983.012","515.286"
12.65,"1035.75","981.236","515.202"
12.6583,"1035.85","979.505","515.156"
12.6667,"1035.99","977.649","515.043"
12.675,"1036.05","975.76","515.01"
12.6833,"1036.2","973.807","514.998"
12.6917,"1036.22","971.793","514.986"
12.7,"1036.31","969.669","514.929"
12.7083,"1036.37","967.479","514.869"
12.7167,"1036.45","965.193","514.753"
12.725,"1036.55","962.848","514.673"
12.7333,"1036.64","960.392","514.501"
12.7417,"1036.71","957.916","514.372"
12.75,"1036.78","955.312","514.175"
12.7583,"1036.8","952.654","514.076"
12.7667,"1036.86","949.899","513.957"
12.775,"1036.89","947.028","513.838"
12.7833,"1036.88","944.129","513.766"
12.7917,"1036.92","941.111","513.615"
12.8,"1036.92","938.006","513.459"
12.8083,"1036.98","934.826","513.329"
12.8167,"1037.02","931.558","513.155"
12.825,"1037.09","928.215","512.976"
12.8333,"1037.13","924.721","512.762"
12.8417,"1037.14","921.189","512.556"
12.85,"1037.12","917.535","512.404"
12.8583,"1037.13","913.843","512.29"
12.8667,"1037.08","909.996","512.138"
12.875,"1037.07","906.068","512.012"
12.8833,"1037.05","902.054","511.846"
12.8917,"1037.04","897.954","511.7"
12.9,"1037.04","893.8","511.559"
12.9083,"1037.06","889.486","511.393"
12.9167,"1037.04","885.096","511.254"
12.925,"1037.03","880.62","511.084"
12.9333,"1036.99","876.008","510.955"
12.9417,"1036.94","871.311","510.803"
12.95,"1036.91","866.582","510.766"
12.9583,"1036.84","861.629","510.597"
12.9667,"1036.84","856.699","510.559"
12.975,"1036.76","851.571","510.365"
12.9833,"1036.73","846.478","510.271"
12.9917,"1036.69","841.187","510.14"
13,"1036.62","835.811","510.031"
13.0083,"1036.6","830.349","509.907"
13.0167,"1036.5","824.798","509.841"
13.025,"1036.47","819.11","509.738"
13.0333,"1036.4","813.345","509.636"
13.0417,"1036.34","807.455","509.517"
13.05,"1036.26","801.528","509.462"
13.0583,"1036.2","795.491","509.392"
13.0667,"1036.15","789.359","509.335"
13.075,"1036.09","783.119","509.257"
13.0833,"1036","776.875","509.254"
13.0917,"1035.94","770.458","509.21"
13.1,"1035.86","764.001","509.222"
13.1083,"1035.75","757.414","509.18"
13.1167,"1035.69","750.786","509.179"
13.125,"1035.61","744.019","509.099"
13.1333,"1035.55","737.177","509.052"
13.1417,"1035.48","730.274","509.011"
13.15,"1035.42","723.315","509.029"
13.1583,"1035.33","716.2","508.987"
13.1667,"1035.26","709.127","509.006"
13.175,"1035.17","701.938","509.068"
13.1833,"1035.07","694.682","509.11"
13.1917,"1035.04","687.417","509.241"
13.2,"1034.96","680.034","509.297"
13.2083,"1034.9","672.621","509.406"
13.2167,"1034.82","665.13","509.474"
13.225,"1034.8","657.587","509.565"
13.2333,"1034.78","650.009","509.647"
13.2417,"1034.65","642.377","509.766"
13.25,"1034.57","634.65","509.83"
13.2583,"1034.47","626.908","509.952"
13.2667,"1034.41","619.078","510.014"
13.275,"1034.35","611.286","510.198"
13.2833,"1034.29","603.415","510.333"
13.2917,"1034.18","595.536","510.497"
13.3,"1034.16","587.62","510.71"
13.3083,"1034.09","579.68","510.903"
13.3167,"1034.01","571.714","511.087"
13.325,"1033.94","563.732","511.309"
13.3333,"1033.86","555.71","511.499"
13.3417,"1033.74","547.705","511.708"
13.35,"1033.69","539.643","511.944"
13.3583,"1033.59","531.581","512.156"
13.3667,"1033.53","523.49","512.374"
13.375,"1033.47","515.445","512.611"
13.3833,"1033.37","507.345","512.796"
13.3917,"1033.29","499.28","513.07"
13.4,"1033.15","491.249","513.325"
13.4083,"1033.12","483.165","513.54"
13.4167,"1033","475.128","513.806"
13.425,"1032.92","467.12","514.028"
13.4333,"1032.77","459.124","514.281"
13.4417,"1032.65","451.095","514.488"
13.45,"1032.47","443.131","514.7"
13.4583,"1032.37","435.127","514.869"
13.4667,"1032.21","427.205","515.061"
13.475,"1032.09","419.303","515.248"
13.4833,"1031.96","411.46","515.492"
13.4917,"1031.82","403.593","515.645"
13.5,"1031.69","395.88","515.86"
13.5083,"1031.5","388.095","516.007"
13.5167,"1031.38","380.393","516.247"
13.525,"1031.25","372.728","516.427"
13.5333,"1031.05","365.127","516.589"
13.5417,"1030.87","357.509","516.711"
13.55,"1030.76","350.015","516.899"
13.5583,"1030.53","342.513","516.958"
13.5667,"1030.38","335.065","517.053"
13.575,"1030.2","327.684","517.115"
13.5833,"1030.02","320.381","517.2"
13.5917,"1029.83","313.157","517.306"
13.6,"1029.69","305.972","517.402"
13.6083,"1029.45","298.821","517.501"
13.6167,"1029.27","291.773","517.545"
13.625,"1029.09","284.826","517.661"
13.6333,"1028.88","277.921","517.688"
13.6417,"1028.67","271.138","517.736"
13.65,"1028.51","264.33","517.764"
13.6583,"1028.24","257.728","517.806"
13.6667,"1028.04","251.063","517.775"
13.675,"1027.86","244.503","517.773"
13.6833,"1027.53","238.086","517.719"
13.6917,"1027.37","231.71","517.76"
13.7,"1027.2","225.442","517.754"
13.7083,"1026.99","219.221","517.734"
13.7167,"1026.71","213.105","517.68"
13.725,"1026.49","207.026","517.607"
13.7333,"1026.22","201.152","517.55"
13.7417,"1025.93","195.282","517.479"
13.75,"1025.72","189.528","517.462"
13.7583,"1025.51","183.812","517.397"
13.7667,"1025.2","178.308","517.294"
13.775,"1024.99","172.697","517.193"
13.7833,"1024.73","167.281","517.099"
13.7917,"1024.52","162.011","517.008"
13.8,"1024.29","156.734","516.934"
13.8083,"1024.06","151.55","516.819"
13.8167,"1023.77","146.547","516.671"
13.825,"1023.57","141.466","516.514"
13.8333,"1023.28","136.596","516.334"
13.8417,"1022.99","131.766","516.145"
13.85,"1022.78","126.995","516.012"
13.8583,"1022.5","122.274","515.778"
13.8667,"1022.26","117.742","515.644"
13.875,"1021.99","113.225","515.443"
13.8833,"1021.75","108.875","515.29"
13.8917,"1021.44","104.675","515.111"
13.9,"1021.2","100.473","514.981"
13.9083,"1020.94","96.3444","514.749"
13.9167,"1020.72","92.3871","514.585"
13.925,"1020.42","88.4555","514.366"
13.9333,"1020.2","84.6584","514.162"
13.9417,"1019.93","80.8406","513.938"
13.95,"1019.67","77.184","513.736"
13.9583,"1019.46","73.5354","513.62"
13.9667,"1019.19","70.0849","513.399"
13.975,"1018.88","66.7049","513.214"
13.9833,"1018.63","63.4014","513.055"
13.9917,"1018.41","60.1377","512.879"
14,"1018.15","57.0891","512.746"
14.0083,"1017.94","53.9214","512.597"
14.0167,"1017.67","50.9327","512.421"
14.025,"1017.47","47.9679","512.199"
14.0333,"1017.22","45.1416","512.026"
14.0417,"1016.97","42.3748","511.906"
14.05,"1016.71","39.7594","511.782"
14.0583,"1016.52","37.089","511.722"
14.0667,"1016.25","34.6447","511.614"
14.075,"1016.01","32.1147","511.465"
14.0833,"1015.77","29.7634","511.367"
14.0917,"1015.59","27.4579","511.269"
14.1,"1015.34","25.2116","511.154"
14.1083,"1015.18","23.0035","511.058"
14.1167,"1014.91","20.8679","510.94"
14.125,"1014.75","18.8261","510.787"
14.1333,"1014.53","16.8641","510.673"
14.1417,"1014.24","14.9783","510.584"
14.15,"1014.04","13.1089","510.578"
14.1583,"1013.8","11.3502","510.507"
14.1667,"1013.61","9.65179","510.545"
14.175,"1013.4","7.95648","510.467"
14.1833,"1013.14","6.41713","510.406"
14.1917,"1012.98","4.84061","510.37"
14.2,"1012.78","3.35324","510.286"
14.2083,"1012.57","1.81775","510.187"
14.2167,"1012.35","0.514979","510.137"
14.225,"1012.08","-0.803947","510.093"
14.2333,"1011.87","-2.04891","510.08"
14.2417,"1011.61","-3.33168","510.059"
14.25,"1011.36","-4.51761","510.094"
14.2583,"1011.16","-5.659","510.142"
14.2667,"1010.89","-6.73556","510.093"
14.275,"1010.67","-7.79662","510.075"
14.2833,"1010.43","-8.82432","510.086"
14.2917,"1010.13","-9.8127","510.003"
14.3,"1009.84","-10.7125","509.956"
14.3083,"1009.52","-11.6035","509.983"
14.3167,"1009.26","-12.4554","509.98"
14.325,"1008.89","-13.2471","509.99"
14.3333,"1008.55","-14.0121","510.137"
14.3417,"1008.21","-14.7975","510.165"
14.35,"1007.83","-15.5174","510.177"
14.3583,"1007.51","-16.2109","510.19"
14.3667,"1007.16","-16.888","510.219"
14.375,"1006.72","-17.548","510.163"
14.3833,"1006.36","-18.1135","510.198"
14.3917,"1005.9","-18.6871","510.18"
14.4,"1005.43","-19.2731","510.24"
14.4083,"1004.92","-19.8508","510.289"
14.4167,"1004.41","-20.396","510.356"
14.425,"1003.8","-20.9278","510.361"
14.4333,"1003.28","-21.412","510.43"
14.4417,"1002.58","-21.9492","510.35"
14.45,"1001.97","-22.4423","510.37"
14.4583,"1001.36","-22.8046","510.432"
14.4667,"1000.66","-23.2219","510.404"
14.475,"999.96","-23.6633","510.391"
14.4833,"999.23","-24.0137","510.429"
14.4917,"998.415","-24.3626","510.414"
14.5,"997.619","-24.7259","510.4"
14.5083,"996.802","-25.1267","510.452"
14.5167,"995.944","-25.447","510.459"
14.525,"994.974","-25.7681","510.388"
14.5333,"994.029","-26.1391","510.315"
14.5417,"993.069","-26.4326","510.287"
14.55,"992.01","-26.7464","510.217"
14.5583,"990.877","-27.0317","510.183"
14.5667,"989.745","-27.3383","510.201"
14.575,"988.497","-27.6362","510.228"
14.5833,"987.201","-27.9334","510.239"
14.5917,"985.833","-28.1807","510.275"
14.6,"984.411","-28.5049","510.212"
14.6083,"982.985","-28.7968","510.184"
14.6167,"981.496","-29.0692","510.156"
14.625,"979.946","-29.3291","510.082"
14.6333,"978.361","-29.6265","510.006"
14.6417,"976.664","-29.8483","509.946"
14.65,"974.879","-30.1033","509.88"
14.6583,"973.113","-30.3816","509.949"
14.6667,"971.229","-30.6403","509.943"
14.675,"969.198","-30.8775","509.94"
14.6833,"967.194","-31.175","509.885"
14.6917,"965.075","-31.4129","509.811"
14.7,"962.915","-31.7434","509.691"
14.7083,"960.674","-31.941","509.585"
14.7167,"958.376","-32.2309","509.485"
14.725,"955.951","-32.5019","509.382"
14.7333,"953.491","-32.7174","509.322"
14.7417,"950.913","-32.9664","509.286"
14.75,"948.235","-33.235","509.227"
14.7583,"945.487","-33.3853","509.208"
14.7667,"942.68","-33.6427","509.191"
14.775,"939.782","-33.8982","509.097"
14.7833,"936.824","-34.0824","508.995"
14.7917,"933.786","-34.3719","508.862"
14.8,"930.638","-34.5761","508.737"
14.8083,"927.402","-34.7802","508.602"
14.8167,"924.048","-35.0132","508.529"
14.825,"920.621","-35.2362","508.392"
14.8333,"917.082","-35.4321","508.358"
14.8417,"913.436","-35.6908","508.271"
14.85,"909.745","-35.867","508.213"
14.8583,"905.905","-36.0686","508.086"
14.8667,"902.008","-36.2541","507.975"
14.875,"898.043","-36.3899","507.864"
14.8833,"893.983","-36.5877","507.726"
14.8917,"889.819","-36.7393","507.62"
14.9,"885.569","-36.8667","507.502"
14.9083,"881.183","-37.0442","507.382"
14.9167,"876.715","-37.1533","507.333"
14.925,"872.194","-37.3228","507.334"
14.9333,"867.519","-37.4304","507.204"
14.9417,"862.803","-37.5096","507.145"
14.95,"857.961","-37.6429","507.012"
14.9583,"853.024","-37.7147","506.898"
14.9667,"848.015","-37.7445","506.749"
14.975,"842.929","-37.8917","506.69"
14.9833,"837.73","-37.9307","506.608"
14.9917,"832.423","-37.9701","506.554"
15,"827.012","-38.0423","506.509"
15.0083,"821.491","-38.0329","506.421"
15.0167,"815.903","-38.0454","506.404"
15.025,"810.23","-38.097","506.402"
15.0333,"804.476","-38.0538","506.307"
15.0417,"798.612","-38.0038","506.268"
15.05,"792.667","-37.9964","506.228"
15.0583,"786.691","-37.9952","506.195"
15.0667,"780.539","-37.9289","506.137"
15.075,"774.338","-37.8755","506.052"
15.0833,"767.999","-37.7446","505.98"
15.0917,"761.593","-37.6658","505.924"
15.1,"755.077","-37.4966","505.912"
15.1083,"748.495","-37.4292","505.887"
15.1167,"741.801","-37.2559","505.871"
15.125,"735.039","-37.132","505.792"
15.1333,"728.163","-36.9572","505.748"
15.1417,"721.283","-36.8174","505.749"
15.15,"714.268","-36.5919","505.715"
15.1583,"707.239","-36.3812","505.691"
15.1667,"700.066","-36.1638","505.761"
15.175,"692.797","-35.9017","505.752"
15.1833,"685.505","-35.6641","505.774"
15.1917,"678.114","-35.3832","505.819"
15.2,"670.698","-35.1841","505.877"
15.2083,"663.181","-34.8673","505.898"
15.2167,"655.628","-34.6268","505.929"
15.225,"647.999","-34.3252","505.977"
15.2333,"640.307","-34.0073","506.044"
15.2417,"632.559","-33.6963","506.125"
15.25,"624.805","-33.3453","506.237"
15.2583,"616.904","-32.989","506.355"
15.2667,"609.021","-32.6803","506.492"
15.275,"601.105","-32.3488","506.686"
15.2833,"593.084","-31.9864","506.823"
15.2917,"585.074","-31.6299","507.008"
15.3,"577.068","-31.2882","507.177"
15.3083,"569.012","-30.9037","507.273"
15.3167,"560.945","-30.5346","507.476"
15.325,"552.857","-30.1694","507.633"
15.3333,"544.702","-29.7353","507.84"
15.3417,"536.573","-29.4421","508.097"
15.35,"528.395","-28.996","508.423"
15.3583,"520.241","-28.6022","508.67"
15.3667,"512.048","-28.1834","508.918"
15.375,"503.84","-27.7237","509.183"
15.3833,"495.627","-27.3236","509.412"
15.3917,"487.442","-26.917","509.651"
15.4,"479.214","-26.4596","509.866"
15.4083,"470.99","-26.0935","510.118"
15.4167,"462.815","-25.692","510.413"
15.425,"454.583","-25.2835","510.701"
15.4333,"446.425","-24.8884","510.989"
15.4417,"438.218","-24.4126","511.271"
15.45,"430.082","-24.0331","511.535"
15.4583,"421.948","-23.5672","511.783"
15.4667,"414.156","-22.8033","512.346"
15.475,"406.099","-22.3663","512.671"
15.4833,"398.082","-21.9439","512.972"
15.4917,"390.097","-21.5147","513.273"
15.5,"382.114","-21.1317","513.526"
15.5083,"374.231","-20.717","513.765"
15.5167,"366.339","-20.3076","513.999"
15.525,"358.547","-19.9104","514.218"
15.5333,"350.781","-19.4779","514.438"
15.5417,"343.086","-19.1368","514.638"
15.55,"335.435","-18.7592","514.793"
15.5583,"327.84","-18.3881","514.976"
15.5667,"320.33","-18.0656","515.145"
15.575,"312.87","-17.7278","515.318"
15.5833,"305.484","-17.3363","515.517"
15.5917,"298.146","-16.9973","515.651"
15.6,"290.921","-16.6358","515.763"
15.6083,"283.796","-16.3225","515.816"
15.6167,"276.715","-16.0084","515.879"
15.625,"269.725","-15.7205","515.921"
15.6333,"262.835","-15.435","515.952"
15.6417,"256","-15.1211","516.017"
15.65,"249.27","-14.8576","516.052"
15.6583,"242.626","-14.582","516.092"
15.6667,"236.046","-14.324","516.084"
15.675,"229.57","-14.0602","516.068"
15.6833,"223.175","-13.7889","516.079"
15.6917,"216.866","-13.5529","516.02"
15.7,"210.647","-13.3161","515.954"
15.7083,"204.551","-13.1014","515.885"
15.7167,"198.505","-12.9076","515.77"
15.725,"192.555","-12.6928","515.664"
15.7333,"186.724","-12.5162","515.562"
15.7417,"180.954","-12.2904","515.485"
15.75,"175.363","-12.0681","515.397"
15.7583,"169.82","-11.8362","515.288"
15.7667,"164.368","-11.6424","515.225"
15.775,"159.043","-11.4514","515.081"
15.7833,"153.79","-11.3126","514.947"
15.7917,"148.644","-11.1958","514.773"
15.8,"143.619","-11.0626","514.596"
15.8083,"138.683","-10.9364","514.437"
15.8167,"133.832","-10.8357","514.276"
15.825,"129.126","-10.7348","514.093"
15.8333,"124.485","-10.624","513.932"
15.8417,"119.947","-10.5625","513.749"
15.85,"115.521","-10.4928","513.55"
15.8583,"111.189","-10.3618","513.418"
15.8667,"106.98","-10.3169","513.261"
15.875,"102.909","-10.218","513.112"
15.8833,"98.9026","-10.2001","512.922"
15.8917,"95.0034","-10.1792","512.716"
15.9,"91.2047","-10.167","512.479"
15.9083,"87.5083","-10.1849","512.224"
15.9167,"83.9059","-10.1917","512.034"
15.925,"80.424","-10.2149","511.825"
15.9333,"77.0406","-10.1721","511.676"
15.9417,"73.7392","-10.2143","511.474"
15.95,"70.5617","-10.2184","511.327"
15.9583,"67.4866","-10.2359","511.168"
15.9667,"64.4541","-10.2771","510.973"
15.975,"61.5557","-10.3315","510.808"
15.9833,"58.7137","-10.3907","510.577"
15.9917,"55.9463","-10.4923","510.319"
16,"53.2946","-10.5541","510.074"
16.0083,"50.6772","-10.6642","509.867"
16.0167,"48.1729","-10.7389","509.656"
16.025,"45.7753","-10.807","509.485"
16.0333,"43.4495","-10.8952","509.303"
16.0417,"41.1805","-10.9621","509.116"
16.05,"39.0123","-11.0508","508.881"
16.0583,"36.925","-11.1236","508.675"
16.0667,"34.9141","-11.2208","508.413"
16.075,"32.9233","-11.3077","508.215"
16.0833,"31.0137","-11.3865","508.008"
16.0917,"29.205","-11.4521","507.831"
16.1,"27.4351","-11.574","507.606"
16.1083,"25.6879","-11.6694","507.436"
16.1167,"24.0311","-11.8282","507.225"
16.125,"22.4379","-11.9205","507.029"
16.1333,"20.9052","-12.0335","506.829"
16.1417,"19.4283","-12.1054","506.634"
16.15,"18.0655","-12.2049","506.385"
16.1583,"16.6945","-12.296","506.168"
16.1667,"15.3818","-12.4428","505.91"
16.175,"14.1392","-12.5211","505.687"
16.1833,"12.9149","-12.6356","505.456"
16.1917,"11.7876","-12.752","505.264"
16.2,"10.6835","-12.8342","505.066"
16.2083,"9.59459","-12.9405","504.859"
16.2167,"8.60287","-13.0234","504.634"
16.225,"7.61825","-13.1086","504.392"
16.2333,"6.69582","-13.2138","504.115"
16.2417,"5.77707","-13.2835","503.798"
16.25,"4.94833","-13.3962","503.464"
16.2583,"4.10172","-13.4695","503.131"
16.2667,"3.28296","-13.5773","502.781"
16.275,"2.54585","-13.7065","502.385"
16.2833,"1.81464","-13.7935","501.997"
16.2917,"1.05293","-13.9343","501.568"
16.3,"0.394322","-13.9942","501.141"
16.3083,"-0.262633","-14.1166","500.642"
16.3167,"-0.861881","-14.1411","500.1"
16.325,"-1.45913","-14.2531","499.531"
16.3333,"-2.0333","-14.2988","498.959"
16.3417,"-2.5665","-14.3973","498.311"
16.35,"-3.10911","-14.465","497.654"
16.3583,"-3.62227","-14.5732","496.954"
16.3667,"-4.10664","-14.6456","496.211"
16.375,"-4.60676","-14.7174","495.406"
16.3833,"-5.09819","-14.8483","494.549"
16.3917,"-5.56371","-14.8928","493.633"
16.4,"-6.00444","-14.9869","492.666"
16.4083,"-6.43533","-15.076","491.608"
16.4167,"-6.87036","-15.093","490.545"
16.425,"-7.28542","-15.1877","489.415"
16.4333,"-7.729","-15.2208","488.275"
16.4417,"-8.07941","-15.2892","487.033"
16.45,"-8.468","-15.3218","485.785"
16.4583,"-8.81689","-15.409","484.395"
16.4667,"-9.21772","-15.4342","482.953"
16.475,"-9.56176","-15.4897","481.433"
16.4833,"-9.90563","-15.532","479.805"
16.4917,"-10.2506","-15.5797","478.13"
16.5,"-10.6235","-15.6233","476.393"
16.5083,"-10.9473","-15.6943","474.556"
16.5167,"-11.3244","-15.722","472.65"
16.525,"-11.6398","-15.7537","470.691"
16.5333,"-11.982","-15.7965","468.64"
16.5417,"-12.3558","-15.7853","466.56"
16.55,"-12.6578","-15.8294","464.312"
16.5583,"-13.027","-15.8348","461.982"
16.5667,"-13.3215","-15.8096","459.615"
16.575,"-13.6532","-15.8431","457.112"
16.5833,"-13.9867","-15.8157","454.567"
16.5917,"-14.3187","-15.8597","451.905"
16.6,"-14.6342","-15.846","449.182"
16.6083,"-14.9738","-15.8435","446.371"
16.6167,"-15.2714","-15.8533","443.432"
16.625,"-15.6155","-15.8499","440.449"
16.6333,"-15.9499","-15.7971","437.364"
16.6417,"-16.26","-15.7663","434.192"
16.65,"-16.6141","-15.7493","430.94"
16.6583,"-16.9267","-15.7036","427.609"
16.6667,"-17.2466","-15.7402","424.193"
16.675,"-17.5666","-15.6735","420.716"
16.6833,"-17.8711","-15.6462","417.162"
16.6917,"-18.1956","-15.6376","413.512"
16.7,"-18.4822","-15.5437","409.788"
16.7083,"-18.7832","-15.5163","405.937"
16.7167,"-19.0839","-15.4736","401.979"
16.725,"-19.3925","-15.4429","397.975"
16.7333,"-19.6615","-15.4181","393.909"
16.7417,"-19.9608","-15.364","389.814"
16.75,"-20.245","-15.3425","385.583"
16.7583,"-20.5229","-15.2688","381.375"
16.7667,"-20.7834","-15.2241","377.036"
16.775,"-21.0375","-15.1444","372.63"
16.7833,"-21.2886","-15.0994","368.144"
16.7917,"-21.5448","-15.0508","363.613"
16.8,"-21.8151","-14.9239","359.036"
16.8083,"-22.0162","-14.8408","354.438"
16.8167,"-22.2654","-14.7501","349.813"
16.825,"-22.4505","-14.6718","345.104"
16.8333,"-22.6992","-14.6035","340.356"
16.8417,"-22.9071","-14.5431","335.553"
16.85,"-23.0721","-14.4498","330.682"
16.8583,"-23.2444","-14.3667","325.795"
16.8667,"-23.4112","-14.2825","320.869"
16.875,"-23.5566","-14.1759","315.92"
16.8833,"-23.6939","-14.069","310.909"
16.8917,"-23.8356","-13.9524","305.913"
16.9,"-23.9409","-13.8573","300.915"
16.9083,"-24.0489","-13.7372","295.894"
16.9167,"-24.133","-13.6509","290.84"
16.925,"-24.2458","-13.5006","285.767"
16.9333,"-24.2904","-13.3872","280.657"
16.9417,"-24.3696","-13.2319","275.523"
16.95,"-24.398","-13.1255","270.355"
16.9583,"-24.4772","-13.0187","265.166"
16.9667,"-24.5279","-12.8241","260.018"
16.975,"-24.5336","-12.7073","254.807"
16.9833,"-24.5248","-12.5339","249.659"
16.9917,"-24.5147","-12.3777","244.473"
17,"-24.4765","-12.2724","239.289"
17.0083,"-24.4496","-12.1042","234.099"
17.0167,"-24.4458","-11.9771","228.905"
17.025,"-24.3815","-11.8148","223.721"
17.0333,"-24.3158","-11.5973","218.551"
17.0417,"-24.2404","-11.4157","213.442"
17.05,"-24.1553","-11.2605","208.344"
17.0583,"-24.063","-11.0944","203.221"
17.0667,"-23.9949","-10.9635","198.123"
17.075,"-23.8622","-10.8101","193.098"
17.0833,"-23.7799","-10.6603","188.104"
17.0917,"-23.6251","-10.4855","183.145"
17.1,"-23.4861","-10.2498","178.237"
17.1083,"-23.3446","-10.077","173.385"
17.1167,"-23.1913","-9.81736","168.584"
17.125,"-23.0353","-9.62419","163.792"
17.1333,"-22.8805","-9.40612","159.109"
17.1417,"-22.7309","-9.21733","154.5"
17.15,"-22.5573","-9.00218","149.953"
17.1583,"-22.4299","-8.81316","145.465"
17.1667,"-22.2896","-8.63513","140.991"
17.175,"-22.1017","-8.41487","136.585"
17.1833,"-21.9173","-8.18906","132.241"
17.1917,"-21.7107","-7.97044","127.997"
17.2,"-21.6053","-7.74521","123.859"
17.2083,"-21.5021","-7.5702","119.749"
17.2167,"-21.3443","-7.34995","115.724"
17.225,"-21.1891","-7.14443","111.806"
17.2333,"-21.0661","-6.96942","107.949"
17.2417,"-20.9293","-6.72387","104.228"
17.25,"-20.7626","-6.45179","100.545"
17.2583,"-20.6387","-6.27138","96.879"
17.2667,"-20.4686","-6.00888","93.3167"
17.275,"-20.3645","-5.77913","89.7764"
17.2833,"-20.2868","-5.62901","86.2706"
17.2917,"-20.1406","-5.40803","82.9244"
17.3,"-20.0525","-5.19864","79.6851"
17.3083,"-19.9321","-4.97478","76.4938"
17.3167,"-19.8466","-4.68906","73.4024"
17.325,"-19.7633","-4.4337","70.4438"
17.3333,"-19.636","-4.19844","67.5045"
17.3417,"-19.5802","-3.94813","64.6444"
17.35,"-19.4489","-3.62523","61.9259"
17.3583,"-19.4034","-3.3768","59.2284"
17.3667,"-19.3363","-3.11921","56.6233"
17.375,"-19.2358","-2.84529","54.0947"
17.3833,"-19.1886","-2.59562","51.5958"
17.3917,"-19.0909","-2.27545","49.0278"
17.4,"-19.0613","-1.99046","46.2855"
17.4083,"-18.9658","-1.64101","43.4526"
17.4167,"-18.8559","-1.29378","40.3939"
17.425,"-18.7803","-0.936723","37.1345"
17.4333,"-18.7065","-0.592733","33.6059"
17.4417,"-18.681","-0.242476","29.8287"
17.45,"-18.597","0.132322","25.7527"
17.4583,"-18.5773","0.459071","21.3301"
17.4667,"-18.4798","0.804318","16.5963"
17.475,"-18.3907","1.14468","11.6158"
17.4833,"-18.8113","1.59864","12.2965"
17.4917,"-19.1996","1.99383","14.1656"
17.5,"-19.546","2.39875","15.5837"
17.5083,"-19.9138","2.81502","16.631"
17.5167,"-20.3038","3.26677","17.1677"
17.525,"-20.6937","3.67214","17.2533"
17.5333,"-21.0342","4.14689","16.8798"
17.5417,"-21.4413","4.57643","16.0038"
17.55,"-21.8389","5.00318","14.6523"
17.5583,"-22.2062","5.48509","12.706"
17.5667,"-22.4875","5.87924","11.4049"
17.575,"-22.7594","5.9652","11.6921"
17.5833,"-22.9936","6.08566","11.6523"
17.5917,"-23.1266","6.18028","11.428"
17.6,"-23.1309","6.16288","11.5175"
17.6083,"-23.1255","6.16696","11.5066"
17.6167,"-23.144","6.15958","11.5348"
17.625,"-23.0863","6.13061","11.564"
17.6333,"-23.1221","6.14899","11.516"
17.6417,"-23.1734","6.16367","11.5104"
17.65,"-23.094","6.1341","11.4758"
17.6583,"-23.0927","6.12466","11.4466"
17.6667,"-23.0999","6.15145","11.4709"
17.675,"-23.09","6.15954","11.4907"
17.6833,"-23.0719","6.16789","11.4944"
17.6917,"-23.0952","6.16404","11.5304"
17.7,"-23.1324","6.17437","11.5364"
17.7083,"-23.1281","6.14028","11.5157"
17.7167,"-23.0959","6.14841","11.5253"
17.725,"-23.1091","6.18101","11.4817"
17.7333,"-23.0902","6.15025","11.4779"
17.7417,"-23.0951","6.13604","11.4419"
17.75,"-23.1069","6.14653","11.3928"
17.7583,"-23.0942","6.10618","11.3941"
17.7667,"-23.1204","6.11886","11.3914"
17.775,"-23.1231","6.08504","11.4281"
17.7833,"-23.1836","6.12082","11.4396"
17.7917,"-23.1618","6.10698","11.4814"
17.8,"-23.1384","6.12508","11.4902"
17.8083,"-23.1316","6.13838","11.503"
17.8167,"-23.0971","6.15682","11.469"
17.825,"-23.1252","6.16599","11.4698"
17.8333,"-23.1085","6.15605","11.4605"
17.8417,"-23.1012","6.15371","11.4432"
17.85,"-23.0816","6.13229","11.4297"
17.8583,"-23.1089","6.11855","11.4574"
17.8667,"-23.1016","6.13859","11.4622"
17.875,"-23.1481","6.15873","11.4767"
17.8833,"-23.1156","6.12198","11.4553"
17.8917,"-23.1017","6.12995","11.4668"
17.9,"-23.0992","6.12318","11.4553"
17.9083,"-23.1133","6.12184","11.4609"
17.9167,"-23.1184","6.11981","11.4583"
17.925,"-23.0989","6.14165","11.4946"
17.9333,"-23.1116","6.15428","11.514"
17.9417,"-23.0912","6.15731","11.5122"
17.95,"-23.1035","6.16755","11.4928"
17.9583,"-23.1404","6.1509","11.4929"
17.9667,"-23.1068","6.14778","11.4925"
17.975,"-23.1092","6.14248","11.4894"
17.9833,"-23.1157","6.1516","11.4941"
17.9917,"-23.0997","6.13082","11.4882"
18,"-23.0922","6.14912","11.4938"
18.0083,"-23.0805","6.18901","11.5144"
18.0167,"-23.0852","6.17544","11.5136"
18.025,"-23.0746","6.18126","11.5345"
18.0333,"-23.0987","6.15079","11.4705"
18.0417,"-23.1451","6.16895","11.4892"
18.05,"-23.1144","6.13458","11.4295"
18.0583,"-23.1106","6.12041","11.4494"
18.0667,"-23.1129","6.11752","11.4837"
18.075,"-23.1201","6.1041","11.4854"
18.0833,"-23.1351","6.1092","11.4716"
18.0917,"-23.1195","6.16789","11.4415"
18.1,"-23.1328","6.12712","11.4904"
18.1083,"-23.0956","6.16464","11.4796"
18.1167,"-23.1074","6.1376","11.4706"
18.125,"-23.089","6.13959","11.447"
18.1333,"-23.0802","6.15794","11.4548"
18.1417,"-23.0715","6.18162","11.4332"
18.15,"-23.0926","6.17796","11.4718"
18.1583,"-23.1179","6.10546","11.4543"
18.1667,"-23.1205","6.12258","11.4736"
18.175,"-23.1364","6.08333","11.4555"
18.1833,"-23.1371","6.078","11.4078"
18.1917,"-23.1256","6.07528","11.3897"
18.2,"-23.1075","6.10474","11.4009"
18.2083,"-23.0881","6.12968","11.4083"
18.2167,"-23.1072","6.14307","11.4441"
18.225,"-23.1492","6.1472","11.4669"
18.2333,"-23.1147","6.1225","11.4528"
18.2417,"-23.129","6.1443","11.4791"
18.25,"-23.1225","6.13378","11.4802"
18.2583,"-23.1171","6.13924","11.473"
18.2667,"-23.1584","6.20443","11.4846"
18.275,"-23.1141","6.15437","11.4648"
18.2833,"-23.1152","6.16189","11.4122"
18.2917,"-23.0887","6.12153","11.408"
18.3,"-23.1322","6.12019","11.4114"
18.3083,"-23.1146","6.14801","11.4373"
18.3167,"-23.0948","6.12692","11.4262"
18.325,"-23.1152","6.20312","11.4209"
18.3333,"-23.1477","6.18251","11.4754"
18.3417,"-23.1207","6.19111","11.4955"
18.35,"-23.1277","6.14947","11.4687"
18.3583,"-23.1596","6.18868","11.4988"
18.3667,"-23.1356","6.12633","11.4892"
18.375,"-23.1213","6.14849","11.4905"
18.3833,"-23.143","6.1605","11.4676"
18.3917,"-23.0873","6.12842","11.4621"
18.4,"-23.0902","6.13787","11.4534"
18.4083,"-23.1284","6.15085","11.4239"
18.4167,"-23.0898","6.16126","11.4482"
18.425,"-23.0891","6.14731","11.4765"
18.4333,"-23.1037","6.14282","11.4694"
18.4417,"-23.0824","6.16203","11.5348"
18.45,"-23.1083","6.19951","11.5199"
18.4583,"-23.0945","6.15963","11.5167"
18.4667,"-23.1171","6.1643","11.4822"
18.475,"-23.0966","6.14937","11.4364"
18.4833,"-23.0839","6.14341","11.4356"
18.4917,"-23.1","6.11368","11.3969"
18.5,"-23.0869","6.13083","11.4472"
18.5083,"-23.1536","6.16609","11.4811"
18.5167,"-23.1251","6.11019","11.4491"
18.525,"-23.1328","6.10517","11.4668"
18.5333,"-23.1187","6.11035","11.4705"
18.5417,"-23.098","6.1581","11.4695"
18.55,"-23.0877","6.18528","11.5338"
